"STATION","DATE","LATITUDE","LONGITUDE","ELEVATION","NAME","TEMP","TEMP_ATTRIBUTES","DEWP","DEWP_ATTRIBUTES","SLP","SLP_ATTRIBUTES","STP","STP_ATTRIBUTES","VISIB","VISIB_ATTRIBUTES","WDSP","WDSP_ATTRIBUTES","MXSPD","GUST","MAX","MAX_ATTRIBUTES","MIN","MIN_ATTRIBUTES","PRCP","PRCP_ATTRIBUTES","SNDP","FRSHTT"
"72405013743","2011-01-01","38.8472","-77.03454","3.0","WASHINGTON REAGAN NATIONAL AIRPORT, VA US","  43.8","24","  37.0","24","1020.0","23","017.6","24","  9.2","24","  4.3","24"," 11.1","999.9","  57.9"," ","  32.0"," "," 0.00","G","999.9","010000"
"72405013743","2011-01-02","38.8472","-77.03454","3.0","WASHINGTON REAGAN NATIONAL AIRPORT, VA US","  51.6","24","  45.2","24","1015.9","18","013.4","24","  9.1","24","  8.5","24"," 15.9"," 24.1","  59.0"," ","  34.0"," "," 0.01","G","999.9","010000"
"72405013743","2011-01-03","38.8472","-77.03454","3.0","WASHINGTON REAGAN NATIONAL AIRPORT, VA US","  35.2","24","  13.5","24","1023.2","24","020.9","24"," 10.0","24"," 10.9","24"," 15.9"," 22.0","  59.0"," ","  28.0"," "," 0.06","G","999.9","000000"
"72405013743","2011-01-04","38.8472","-77.03454","3.0","WASHINGTON REAGAN NATIONAL AIRPORT, VA US","  32.9","24","  19.7","24","1018.7","24","016.4","24"," 10.0","24","  5.9","24"," 12.0","999.9","  43.0"," ","  25.0"," "," 0.00","G","999.9","000000"
"72405013743","2011-01-05","38.8472","-77.03454","3.0","WASHINGTON REAGAN NATIONAL AIRPORT, VA US","  37.0","24","  17.0","24","1013.8","24","011.5","24"," 10.0","24","  7.0","24"," 14.0"," 20.0","  43.0"," ","  25.0"," "," 0.00","G","999.9","000000"
"72405013743","2011-01-06","38.8472","-77.03454","3.0","WASHINGTON REAGAN NATIONAL AIRPORT, VA US","  33.7","24","  16.9","24","1008.0","24","005.7","24"," 10.0","24","  3.1","24","  7.0","999.9","  43.0"," ","  28.0"," "," 0.00","G","999.9","000000"
"72405013743","2011-01-07","38.8472","-77.03454","3.0","WASHINGTON REAGAN NATIONAL AIRPORT, VA US","  34.0","24","  17.7","24"," 998.9","24","996.6","24"," 10.0","24","  6.7","24"," 12.0"," 18.1","  41.0"," ","  28.2"," "," 0.00","G","999.9","001000"
"72405013743","2011-01-08","38.8472","-77.03454","3.0","WASHINGTON REAGAN NATIONAL AIRPORT, VA US","  31.7","24","  16.4","24"," 998.8","20","996.0","24","  9.2","24","  7.7","24"," 20.0"," 28.0","  35.1"," ","  28.0"," "," 0.00","G","999.9","101000"
"72405013743","2011-01-09","38.8472","-77.03454","3.0","WASHINGTON REAGAN NATIONAL AIRPORT, VA US","  27.6","24","   7.2","24","1015.4","24","013.2","24"," 10.0","24"," 13.4","24"," 19.0"," 31.1","  36.0"," ","  23.0"," "," 0.02","G","999.9","000000"
"72405013743","2011-01-10","38.8472","-77.03454","3.0","WASHINGTON REAGAN NATIONAL AIRPORT, VA US","  29.1","24","  11.2","24","1027.2","24","024.9","24"," 10.0","24","  8.9","24"," 15.0"," 19.0","  36.0"," ","  23.0"," "," 0.00","G","999.9","000000"
"72405013743","2011-01-11","38.8472","-77.03454","3.0","WASHINGTON REAGAN NATIONAL AIRPORT, VA US","  30.8","24","  17.4","24","1024.4","20","021.2","24","  9.5","24","  4.6","24","  8.0","999.9","  35.1"," ","  25.0"," "," 0.00","G","999.9","011000"
"72405013743","2011-01-12","38.8472","-77.03454","3.0","WASHINGTON REAGAN NATIONAL AIRPORT, VA US","  31.1","24","  21.5","24","1012.3","21","010.1","24","  8.2","24","  8.3","24"," 21.0"," 29.9","  36.0"," ","  27.0"," "," 0.11","G","  1.2","101000"
"72405013743","2011-01-13","38.8472","-77.03454","3.0","WASHINGTON REAGAN NATIONAL AIRPORT, VA US","  31.0","24","  13.7","24","1023.2","24","020.9","24"," 10.0","24"," 11.8","24"," 15.9"," 35.9","  37.0"," ","  26.1"," "," 0.00","G","  1.2","000000"
"72405013743","2011-01-14","38.8472","-77.03454","3.0","WASHINGTON REAGAN NATIONAL AIRPORT, VA US","  29.6","24","  13.2","24","1029.5","24","027.2","24"," 10.0","24","  6.7","24"," 14.0"," 21.0","  37.0"," ","  23.0"," "," 0.00","G","999.9","000000"
"72405013743","2011-01-15","38.8472","-77.03454","3.0","WASHINGTON REAGAN NATIONAL AIRPORT, VA US","  34.2","24","  18.9","24","1022.7","24","020.4","24"," 10.0","24","  4.1","24"," 11.1","999.9","  46.0"," ","  23.0"," "," 0.00","G","999.9","000000"
"72405013743","2011-01-16","38.8472","-77.03454","3.0","WASHINGTON REAGAN NATIONAL AIRPORT, VA US","  39.1","24","  20.1","24","1018.4","24","016.1","24"," 10.0","24","  7.6","24"," 13.0"," 22.0","  46.0"," ","  28.2"," "," 0.00","G","999.9","000000"
"72405013743","2011-01-17","38.8472","-77.03454","3.0","WASHINGTON REAGAN NATIONAL AIRPORT, VA US","  32.1","24","  14.1","24","1025.1","24","022.8","24"," 10.0","24","  6.4","24","  8.9","999.9","  42.1"," ","  30.9"," "," 0.00","G","999.9","001000"
"72405013743","2011-01-18","38.8472","-77.03454","3.0","WASHINGTON REAGAN NATIONAL AIRPORT, VA US","  32.4","24","  28.6","24","1013.6","19","012.5","24","  5.8","24","  8.8","24"," 14.0"," 19.0","  36.0"," ","  28.9"," "," 0.43","G","999.9","011000"
"72405013743","2011-01-19","38.8472","-77.03454","3.0","WASHINGTON REAGAN NATIONAL AIRPORT, VA US","  39.9","24","  34.7","24","1009.0","22","006.5","24","  5.6","24","  5.0","24"," 15.0"," 21.0","  53.1"," ","  30.2"," "," 0.02","G","999.9","110000"
"72405013743","2011-01-20","38.8472","-77.03454","3.0","WASHINGTON REAGAN NATIONAL AIRPORT, VA US","  40.6","24","  24.1","24","1017.5","24","015.2","24"," 10.0","24","  8.1","24"," 17.1"," 21.0","  53.1"," ","  35.1"," "," 0.00","I","999.9","000000"
"72405013743","2011-01-21","38.8472","-77.03454","3.0","WASHINGTON REAGAN NATIONAL AIRPORT, VA US","  34.8","24","  17.1","24","1009.6","21","006.3","24","  9.7","24"," 12.0","24"," 21.0"," 31.1","  44.1"," ","  26.1"," "," 0.01","G","999.9","011000"
"72405013743","2011-01-22","38.8472","-77.03454","3.0","WASHINGTON REAGAN NATIONAL AIRPORT, VA US","  21.4","24","  -0.1","24","1016.9","24","014.7","24"," 10.0","24","  8.4","24"," 15.0"," 21.0","  37.9"," ","  17.1"," "," 0.00","I","999.9","000000"
"72405013743","2011-01-23","38.8472","-77.03454","3.0","WASHINGTON REAGAN NATIONAL AIRPORT, VA US","  23.9","24","   4.9","24","1018.0","24","015.8","24"," 10.0","24","  7.7","24"," 17.1"," 22.0","  32.0"," ","  17.1"," "," 0.00","G","999.9","000000"
"72405013743","2011-01-24","38.8472","-77.03454","3.0","WASHINGTON REAGAN NATIONAL AIRPORT, VA US","  23.4","24","   4.5","24","1029.9","24","027.6","24"," 10.0","24","  6.1","24","  9.9","999.9","  32.0"," ","  17.1"," "," 0.00","G","999.9","000000"
"72405013743","2011-01-25","38.8472","-77.03454","3.0","WASHINGTON REAGAN NATIONAL AIRPORT, VA US","  34.1","24","  21.7","24","1023.6","24","021.3","24"," 10.0","24","  5.0","24","  9.9","999.9","  46.0"," ","  17.1"," "," 0.00","G","999.9","000000"
"72405013743","2011-01-26","38.8472","-77.03454","3.0","WASHINGTON REAGAN NATIONAL AIRPORT, VA US","  35.5","24","  30.1","24","1014.2","14","010.1","24","  4.9","24","  9.0","24"," 18.1"," 22.9","  46.0"," ","  29.1"," "," 0.22","G","  2.0","011010"
"72405013743","2011-01-27","38.8472","-77.03454","3.0","WASHINGTON REAGAN NATIONAL AIRPORT, VA US","  34.9","24","  26.2","24","1012.3","20","008.7","24","  8.2","24","  9.8","24"," 18.1"," 24.1","  37.4","*","  32.0","*"," 1.30","G","  3.9","001000"
"72405013743","2011-01-28","38.8472","-77.03454","3.0","WASHINGTON REAGAN NATIONAL AIRPORT, VA US","  32.8","24","  27.5","24","1011.8","17","009.1","24","  7.8","24","  3.7","24","  8.0","999.9","  37.0"," ","  30.0"," "," 0.00","G","  3.9","001000"
"72405013743","2011-01-29","38.8472","-77.03454","3.0","WASHINGTON REAGAN NATIONAL AIRPORT, VA US","  34.3","24","  23.3","24","1014.8","24","012.1","20","  9.9","24","  6.0","24"," 13.0"," 17.1","  37.9"," ","  28.9"," "," 0.07","G","  3.1","000000"
"72405013743","2011-01-30","38.8472","-77.03454","3.0","WASHINGTON REAGAN NATIONAL AIRPORT, VA US","  33.8","24","  25.9","24","1019.1","24","016.8","24","  8.7","24","  2.1","24","  8.9","999.9","  44.1"," ","  27.0"," "," 0.00","G","  2.0","000000"
"72405013743","2011-01-31","38.8472","-77.03454","3.0","WASHINGTON REAGAN NATIONAL AIRPORT, VA US","  33.2","24","  21.3","24","1029.2","24","026.9","24"," 10.0","24","  7.2","24"," 12.0","999.9","  44.1"," ","  27.1"," "," 0.00","G","  2.0","000000"
"72405013743","2011-02-01","38.8472","-77.03454","3.0","WASHINGTON REAGAN NATIONAL AIRPORT, VA US","  31.7","24","  25.3","24","1025.5","15","023.5","24","  6.3","24","  1.8","24","  6.0","999.9","  37.9","*","  28.4","*"," 0.00","G","  2.0","011000"
"72405013743","2011-02-02","38.8472","-77.03454","3.0","WASHINGTON REAGAN NATIONAL AIRPORT, VA US","  39.1","24","  34.8","24","1012.9","14","009.9","24","  5.4","24","  6.6","24"," 20.0"," 33.0","  52.0"," ","  29.1"," "," 0.76","G","  1.2","110000"
"72405013743","2011-02-03","38.8472","-77.03454","3.0","WASHINGTON REAGAN NATIONAL AIRPORT, VA US","  33.5","24","  14.0","24","1026.7","24","024.7","24"," 10.0","24"," 12.4","24"," 20.0"," 33.0","  52.0"," ","  28.9"," "," 0.66","G","  1.2","000000"
"72405013743","2011-02-04","38.8472","-77.03454","3.0","WASHINGTON REAGAN NATIONAL AIRPORT, VA US","  33.8","24","  18.6","24","1027.9","24","025.6","24"," 10.0","24","  4.0","24","  8.9","999.9","  42.1"," ","  28.0"," "," 0.00","G","  1.2","000000"
"72405013743","2011-02-05","38.8472","-77.03454","3.0","WASHINGTON REAGAN NATIONAL AIRPORT, VA US","  36.1","24","  32.3","24","1015.3","16","010.5","24","  5.8","24","  4.7","24"," 15.9"," 20.0","  42.1"," ","  28.2"," "," 0.01","G","999.9","010000"
"72405013743","2011-02-06","38.8472","-77.03454","3.0","WASHINGTON REAGAN NATIONAL AIRPORT, VA US","  41.5","24","  29.4","24","1011.9","24","009.0","24","  9.8","24","  6.6","24"," 15.0"," 21.0","  48.9"," ","  34.0"," "," 0.13","G","999.9","010000"
"72405013743","2011-02-07","38.8472","-77.03454","3.0","WASHINGTON REAGAN NATIONAL AIRPORT, VA US","  39.4","24","  30.5","24","1015.9","24","013.7","24","  9.3","24","  1.8","24","  6.0","999.9","  50.0"," ","  30.0"," "," 0.00","G","999.9","000000"
"72405013743","2011-02-08","38.8472","-77.03454","3.0","WASHINGTON REAGAN NATIONAL AIRPORT, VA US","  38.8","24","  25.6","24","1010.1","24","007.8","24"," 10.0","24"," 10.5","24"," 21.0"," 29.9","  50.0"," ","  30.9"," "," 0.01","G","999.9","010000"
"72405013743","2011-02-09","38.8472","-77.03454","3.0","WASHINGTON REAGAN NATIONAL AIRPORT, VA US","  27.3","24","   5.8","24","1025.5","24","023.3","24"," 10.0","24","  8.6","24"," 17.1"," 27.0","  41.0"," ","  19.0"," "," 0.00","H","999.9","001000"
"72405013743","2011-02-10","38.8472","-77.03454","3.0","WASHINGTON REAGAN NATIONAL AIRPORT, VA US","  29.0","24","  12.5","24","1019.8","22","017.5","24","  8.9","24","  9.1","24"," 15.0"," 20.0","  34.0"," ","  19.0"," "," 0.01","G","999.9","001000"
"72405013743","2011-02-11","38.8472","-77.03454","3.0","WASHINGTON REAGAN NATIONAL AIRPORT, VA US","  30.6","24","  11.5","24","1021.9","24","019.7","24"," 10.0","24","  3.5","24","  8.9","999.9","  44.1"," ","  21.9"," "," 0.00","G","999.9","000000"
"72405013743","2011-02-12","38.8472","-77.03454","3.0","WASHINGTON REAGAN NATIONAL AIRPORT, VA US","  34.8","24","  19.6","24","1016.9","24","014.6","24"," 10.0","24","  7.0","24"," 19.0"," 27.0","  46.9"," ","  21.9"," "," 0.00","G","999.9","000000"
"72405013743","2011-02-13","38.8472","-77.03454","3.0","WASHINGTON REAGAN NATIONAL AIRPORT, VA US","  40.9","24","  21.7","24","1019.6","24","017.3","24"," 10.0","24","  7.8","24"," 17.1"," 25.1","  54.0"," ","  23.2"," "," 0.00","G","999.9","000000"
"72405013743","2011-02-14","38.8472","-77.03454","3.0","WASHINGTON REAGAN NATIONAL AIRPORT, VA US","  54.0","24","  25.8","24","1007.8","24","005.4","24"," 10.0","24"," 13.6","24"," 24.1"," 38.1","  70.0"," ","  32.0"," "," 0.00","G","999.9","000000"
"72405013743","2011-02-15","38.8472","-77.03454","3.0","WASHINGTON REAGAN NATIONAL AIRPORT, VA US","  41.7","24","  13.6","24","1023.7","24","021.3","24"," 10.0","24"," 14.6","24"," 28.0"," 40.0","  50.0","*","  33.1","*"," 0.00","G","999.9","000000"
"72405013743","2011-02-16","38.8472","-77.03454","3.0","WASHINGTON REAGAN NATIONAL AIRPORT, VA US","  41.9","24","  19.1","24","1028.5","24","026.2","24"," 10.0","24","  7.8","24"," 15.0"," 22.0","  57.9"," ","  32.0"," "," 0.00","G","999.9","000000"
"72405013743","2011-02-17","38.8472","-77.03454","3.0","WASHINGTON REAGAN NATIONAL AIRPORT, VA US","  52.6","24","  32.8","24","1021.7","24","019.3","24"," 10.0","24","  7.4","24"," 11.1"," 18.1","  72.0"," ","  32.0"," "," 0.00","G","999.9","000000"
"72405013743","2011-02-18","38.8472","-77.03454","3.0","WASHINGTON REAGAN NATIONAL AIRPORT, VA US","  61.1","24","  46.0","24","1013.3","24","011.0","24"," 10.0","24","  9.0","24"," 21.0"," 31.1","  77.0"," ","  43.0"," "," 0.00","G","999.9","000000"
"72405013743","2011-02-19","38.8472","-77.03454","3.0","WASHINGTON REAGAN NATIONAL AIRPORT, VA US","  56.5","24","  11.4","24","1013.3","24","011.0","24"," 10.0","24"," 17.5","24"," 28.0"," 46.0","  77.0"," ","  46.9"," "," 0.00","G","999.9","000000"
"72405013743","2011-02-20","38.8472","-77.03454","3.0","WASHINGTON REAGAN NATIONAL AIRPORT, VA US","  40.8","24","  15.7","24","1022.8","24","020.5","24"," 10.0","24"," 11.0","24"," 20.0"," 34.0","  57.9"," ","  32.0"," "," 0.00","G","999.9","000000"
"72405013743","2011-02-21","38.8472","-77.03454","3.0","WASHINGTON REAGAN NATIONAL AIRPORT, VA US","  45.1","24","  28.7","24","1009.5","24","007.2","24","  9.6","24","  8.5","24"," 15.9"," 20.0","  55.0"," ","  32.0"," "," 0.00","G","999.9","011000"
"72405013743","2011-02-22","38.8472","-77.03454","3.0","WASHINGTON REAGAN NATIONAL AIRPORT, VA US","  31.9","24","  23.6","24","1018.7","17","014.4","24","  8.2","24","  9.5","24"," 18.1"," 22.9","  37.9","*","  26.6","*"," 0.21","G","999.9","011000"
"72405013743","2011-02-23","38.8472","-77.03454","3.0","WASHINGTON REAGAN NATIONAL AIRPORT, VA US","  34.1","24","  12.8","24","1026.7","24","024.4","24"," 10.0","24","  5.0","24","  9.9","999.9","  46.0"," ","  25.0"," "," 0.07","G","999.9","000000"
"72405013743","2011-02-24","38.8472","-77.03454","3.0","WASHINGTON REAGAN NATIONAL AIRPORT, VA US","  40.4","24","  27.5","24","1023.4","24","021.1","24"," 10.0","24","  7.2","24"," 15.9"," 24.1","  53.1"," ","  25.2"," "," 0.00","G","999.9","010000"
"72405013743","2011-02-25","38.8472","-77.03454","3.0","WASHINGTON REAGAN NATIONAL AIRPORT, VA US","  49.8","24","  42.9","24","1008.5","17","003.2","24","  7.2","24"," 12.1","24"," 32.1"," 49.9","  66.9"," ","  31.1"," "," 0.13","G","999.9","010000"
"72405013743","2011-02-26","38.8472","-77.03454","3.0","WASHINGTON REAGAN NATIONAL AIRPORT, VA US","  41.1","24","  23.9","24","1021.1","24","018.9","24"," 10.0","24","  8.3","24"," 22.0"," 27.0","  48.9","*","  36.0","*"," 0.20","G","999.9","000000"
"72405013743","2011-02-27","38.8472","-77.03454","3.0","WASHINGTON REAGAN NATIONAL AIRPORT, VA US","  44.7","24","  34.5","24","1015.0","24","012.7","24"," 10.0","24","  5.1","24","  9.9","999.9","  60.1"," ","  35.1"," "," 0.00","G","999.9","000000"
"72405013743","2011-02-28","38.8472","-77.03454","3.0","WASHINGTON REAGAN NATIONAL AIRPORT, VA US","  52.1","24","  46.1","24","1010.2","20","007.3","24","  7.2","24","  7.6","24"," 22.0"," 31.1","  72.0"," ","  36.0"," "," 0.14","G","999.9","010010"
"72405013743","2011-03-01","38.8472","-77.03454","3.0","WASHINGTON REAGAN NATIONAL AIRPORT, VA US","  41.8","24","  27.9","24","1021.5","24","018.5","24"," 10.0","24","  9.6","24"," 22.0"," 28.0","  55.9","*","  33.1","*"," 0.52","G","999.9","010000"
"72405013743","2011-03-02","38.8472","-77.03454","3.0","WASHINGTON REAGAN NATIONAL AIRPORT, VA US","  44.5","24","  25.8","24","1023.2","24","020.8","24"," 10.0","24","  8.7","24"," 19.0"," 28.0","  64.0"," ","  33.1"," "," 0.00","G","999.9","000000"
"72405013743","2011-03-03","38.8472","-77.03454","3.0","WASHINGTON REAGAN NATIONAL AIRPORT, VA US","  36.1","24","   7.1","24","1034.1","24","031.8","24"," 10.0","24"," 10.9","24"," 20.0"," 28.0","  64.0"," ","  27.0"," "," 0.00","G","999.9","000000"
"72405013743","2011-03-04","38.8472","-77.03454","3.0","WASHINGTON REAGAN NATIONAL AIRPORT, VA US","  37.3","24","  21.9","24","1037.2","24","034.9","24"," 10.0","24","  6.6","24"," 11.1","999.9","  50.0"," ","  27.1"," "," 0.00","G","999.9","000000"
"72405013743","2011-03-05","38.8472","-77.03454","3.0","WASHINGTON REAGAN NATIONAL AIRPORT, VA US","  47.8","24","  40.7","24","1028.5","23","026.5","24","  9.9","24","  8.4","24"," 13.0"," 19.0","  60.1"," ","  30.2"," "," 0.00","G","999.9","010000"
"72405013743","2011-03-06","38.8472","-77.03454","3.0","WASHINGTON REAGAN NATIONAL AIRPORT, VA US","  53.4","24","  50.3","24","1014.6","20","011.4","24","  8.7","24"," 11.3","24"," 15.9"," 29.9","  60.1"," ","  42.1"," "," 0.00","G","999.9","010000"
"72405013743","2011-03-07","38.8472","-77.03454","3.0","WASHINGTON REAGAN NATIONAL AIRPORT, VA US","  38.6","24","  27.1","24","1016.1","21","011.9","24","  9.0","24"," 15.2","24"," 25.1"," 36.9","  57.9"," ","  33.1"," "," 1.41","G","999.9","011000"
"72405013743","2011-03-08","38.8472","-77.03454","3.0","WASHINGTON REAGAN NATIONAL AIRPORT, VA US","  41.7","24","  18.1","24","1030.5","24","028.1","24"," 10.0","24","  4.1","24","  8.0","999.9","  52.0"," ","  32.0"," "," 0.02","G","999.9","000000"
"72405013743","2011-03-09","38.8472","-77.03454","3.0","WASHINGTON REAGAN NATIONAL AIRPORT, VA US","  41.9","24","  31.8","24","1031.7","23","029.7","24"," 10.0","24","  7.4","24"," 14.0"," 19.0","  52.0"," ","  32.0"," "," 0.00","G","999.9","000000"
"72405013743","2011-03-10","38.8472","-77.03454","3.0","WASHINGTON REAGAN NATIONAL AIRPORT, VA US","  50.0","24","  49.0","24","1019.6","13","014.5","24","  6.1","24","  9.3","24"," 17.1"," 24.1","  55.9"," ","  36.0"," "," 0.61","G","999.9","010000"
"72405013743","2011-03-11","38.8472","-77.03454","3.0","WASHINGTON REAGAN NATIONAL AIRPORT, VA US","  46.0","24","  37.7","24","1009.7","22","006.6","24","  9.5","24","  8.7","24"," 26.0"," 35.0","  55.9"," ","  39.0"," "," 0.86","G","999.9","010000"
"72405013743","2011-03-12","38.8472","-77.03454","3.0","WASHINGTON REAGAN NATIONAL AIRPORT, VA US","  43.5","24","  29.5","24","1014.1","24","012.0","24"," 10.0","24","  9.1","24"," 18.1"," 29.9","  57.9"," ","  34.0"," "," 0.02","G","999.9","000000"
"72405013743","2011-03-13","38.8472","-77.03454","3.0","WASHINGTON REAGAN NATIONAL AIRPORT, VA US","  51.9","24","  35.0","24","1015.9","24","013.5","24"," 10.0","24","  7.8","24"," 15.0"," 22.9","  59.0"," ","  34.0"," "," 0.00","G","999.9","000000"
"72405013743","2011-03-14","38.8472","-77.03454","3.0","WASHINGTON REAGAN NATIONAL AIRPORT, VA US","  44.4","24","  26.9","24","1027.1","24","024.8","24"," 10.0","24","  6.3","24"," 13.0"," 19.0","  59.0"," ","  37.0"," "," 0.00","G","999.9","000000"
"72405013743","2011-03-15","38.8472","-77.03454","3.0","WASHINGTON REAGAN NATIONAL AIRPORT, VA US","  44.2","24","  30.4","24","1029.9","24","027.6","24"," 10.0","24","  6.0","24"," 12.0"," 22.0","  53.1"," ","  35.1"," "," 0.00","G","999.9","000000"
"72405013743","2011-03-16","38.8472","-77.03454","3.0","WASHINGTON REAGAN NATIONAL AIRPORT, VA US","  46.6","24","  41.6","24","1021.3","18","019.3","24","  8.9","24","  6.6","24"," 12.0"," 22.0","  57.0"," ","  35.1"," "," 0.64","G","999.9","010000"
"72405013743","2011-03-17","38.8472","-77.03454","3.0","WASHINGTON REAGAN NATIONAL AIRPORT, VA US","  53.1","24","  38.6","24","1023.2","24","020.8","24"," 10.0","24","  8.1","24"," 14.0"," 20.0","  64.0"," ","  41.0"," "," 0.41","G","999.9","000000"
"72405013743","2011-03-18","38.8472","-77.03454","3.0","WASHINGTON REAGAN NATIONAL AIRPORT, VA US","  60.0","24","  43.5","24","1016.1","24","013.7","24"," 10.0","24","  8.7","24"," 13.0"," 15.9","  80.1"," ","  43.0"," "," 0.00","G","999.9","000000"
"72405013743","2011-03-19","38.8472","-77.03454","3.0","WASHINGTON REAGAN NATIONAL AIRPORT, VA US","  62.1","24","  37.6","24","1021.0","24","018.7","24"," 10.0","24"," 12.6","24"," 22.0"," 27.0","  80.1"," ","  48.0"," "," 0.00","G","999.9","000000"
"72405013743","2011-03-20","38.8472","-77.03454","3.0","WASHINGTON REAGAN NATIONAL AIRPORT, VA US","  46.7","24","  25.5","24","1034.5","24","032.2","24"," 10.0","24","  7.6","24"," 15.0","999.9","  68.0"," ","  37.9"," "," 0.00","G","999.9","000000"
"72405013743","2011-03-21","38.8472","-77.03454","3.0","WASHINGTON REAGAN NATIONAL AIRPORT, VA US","  51.2","24","  40.7","24","1022.0","22","020.3","24","  9.7","24"," 10.9","24"," 15.0"," 21.0","  70.0"," ","  37.9"," "," 0.16","G","999.9","010010"
"72405013743","2011-03-22","38.8472","-77.03454","3.0","WASHINGTON REAGAN NATIONAL AIRPORT, VA US","  57.1","24","  45.4","24","1013.3","24","011.0","24","  9.7","24","  7.8","24"," 17.1"," 21.0","  70.0"," ","  43.0"," "," 0.03","G","999.9","000000"
"72405013743","2011-03-23","38.8472","-77.03454","3.0","WASHINGTON REAGAN NATIONAL AIRPORT, VA US","  48.5","24","  41.2","24","1008.7","21","006.7","24","  9.6","24","  7.7","24"," 13.0","999.9","  55.9","*","  44.6","*"," 0.01","G","999.9","010000"
"72405013743","2011-03-24","38.8472","-77.03454","3.0","WASHINGTON REAGAN NATIONAL AIRPORT, VA US","  42.8","24","  38.7","24","1004.9","17","001.8","24","  8.2","24","  9.4","24"," 24.1"," 29.9","  52.0"," ","  39.0"," "," 0.42","G","999.9","010010"
"72405013743","2011-03-25","38.8472","-77.03454","3.0","WASHINGTON REAGAN NATIONAL AIRPORT, VA US","  39.1","24","  23.4","24","1016.1","24","013.8","24"," 10.0","24","  8.7","24"," 14.0"," 20.0","  48.9"," ","  32.0"," "," 0.05","G","999.9","000000"
"72405013743","2011-03-26","38.8472","-77.03454","3.0","WASHINGTON REAGAN NATIONAL AIRPORT, VA US","  39.9","24","  16.0","24","1017.5","24","015.2","24"," 10.0","24","  7.6","24"," 12.0"," 15.9","  48.9"," ","  32.0"," "," 0.00","G","999.9","000000"
"72405013743","2011-03-27","38.8472","-77.03454","3.0","WASHINGTON REAGAN NATIONAL AIRPORT, VA US","  38.6","24","  20.5","24","1016.9","24","014.6","24","  8.9","24","  7.1","24","  9.9"," 15.0","  46.0","*","  30.2","*"," 0.02","G","999.9","001000"
"72405013743","2011-03-28","38.8472","-77.03454","3.0","WASHINGTON REAGAN NATIONAL AIRPORT, VA US","  38.6","24","  12.0","24","1018.5","24","016.4","24"," 10.0","24","  7.9","24"," 12.0"," 20.0","  46.9"," ","  30.9"," "," 0.00","I","999.9","000000"
"72405013743","2011-03-29","38.8472","-77.03454","3.0","WASHINGTON REAGAN NATIONAL AIRPORT, VA US","  42.3","24","  11.1","24","1021.7","24","019.4","24"," 10.0","24","  9.0","24"," 14.0"," 19.0","  51.1"," ","  31.1"," "," 0.00","G","999.9","000000"
"72405013743","2011-03-30","38.8472","-77.03454","3.0","WASHINGTON REAGAN NATIONAL AIRPORT, VA US","  44.7","24","  27.1","24","1021.2","22","018.4","24","  9.2","24","  5.0","24"," 15.9","999.9","  51.1"," ","  34.0"," "," 0.00","G","999.9","011000"
"72405013743","2011-03-31","38.8472","-77.03454","3.0","WASHINGTON REAGAN NATIONAL AIRPORT, VA US","  39.2","24","  37.2","24","1008.6","12","008.1","24","  6.8","24","  8.0","24"," 11.1","999.9","  48.0"," ","  37.0"," "," 0.16","G","999.9","011000"
"72405013743","2011-04-01","38.8472","-77.03454","3.0","WASHINGTON REAGAN NATIONAL AIRPORT, VA US","  42.6","24","  34.7","24","1001.5","21","999.4","24","  8.6","24"," 10.0","24"," 17.1"," 25.1","  50.0"," ","  37.0"," "," 0.11","G","999.9","010000"
"72405013743","2011-04-02","38.8472","-77.03454","3.0","WASHINGTON REAGAN NATIONAL AIRPORT, VA US","  44.0","24","  32.2","24","1004.7","24","002.3","24","  9.7","24","  7.4","24"," 24.1"," 35.9","  52.0"," ","  36.0"," "," 0.08","G","999.9","010100"
"72405013743","2011-04-03","38.8472","-77.03454","3.0","WASHINGTON REAGAN NATIONAL AIRPORT, VA US","  48.5","24","  30.0","24","1015.6","24","013.3","24"," 10.0","24","  7.5","24"," 18.1"," 24.1","  60.1"," ","  36.0"," "," 0.04","G","999.9","000000"
"72405013743","2011-04-04","38.8472","-77.03454","3.0","WASHINGTON REAGAN NATIONAL AIRPORT, VA US","  62.2","24","  38.9","24","1007.1","24","005.5","24"," 10.0","24"," 11.6","24"," 22.0"," 31.1","  84.9"," ","  39.9"," "," 0.00","G","999.9","010010"
"72405013743","2011-04-05","38.8472","-77.03454","3.0","WASHINGTON REAGAN NATIONAL AIRPORT, VA US","  59.9","24","  44.7","24"," 999.6","19","996.2","24","  9.4","24"," 15.0","24"," 32.1"," 48.0","  84.9"," ","  44.1"," "," 0.24","G","999.9","010010"
"72405013743","2011-04-06","38.8472","-77.03454","3.0","WASHINGTON REAGAN NATIONAL AIRPORT, VA US","  48.5","24","  28.5","24","1015.8","24","013.5","24"," 10.0","24"," 10.0","24"," 19.0"," 25.1","  71.1"," ","  36.0"," "," 0.18","G","999.9","000000"
"72405013743","2011-04-07","38.8472","-77.03454","3.0","WASHINGTON REAGAN NATIONAL AIRPORT, VA US","  55.9","24","  38.9","24","1015.6","24","013.2","24","  9.8","24","  6.3","24"," 11.1","999.9","  69.1"," ","  36.0"," "," 0.00","G","999.9","000000"
"72405013743","2011-04-08","38.8472","-77.03454","3.0","WASHINGTON REAGAN NATIONAL AIRPORT, VA US","  48.4","24","  41.5","24","1021.4","21","018.7","24","  8.5","24","  7.6","24"," 15.9"," 21.0","  57.9","*","  42.8","*"," 0.02","G","999.9","010000"
"72405013743","2011-04-09","38.8472","-77.03454","3.0","WASHINGTON REAGAN NATIONAL AIRPORT, VA US","  45.2","24","  42.0","24","1021.0","20","018.9","24","  8.8","24","  6.4","24"," 15.0"," 19.0","  51.1"," ","  42.1"," "," 0.34","G","999.9","010000"
"72405013743","2011-04-10","38.8472","-77.03454","3.0","WASHINGTON REAGAN NATIONAL AIRPORT, VA US","  52.6","24","  48.6","24","1019.8","22","017.7","24","  9.2","24","  4.8","24","  8.0"," 18.1","  63.0"," ","  42.1"," "," 0.01","G","999.9","000000"
"72405013743","2011-04-11","38.8472","-77.03454","3.0","WASHINGTON REAGAN NATIONAL AIRPORT, VA US","  65.1","24","  57.5","24","1009.2","23","007.3","24"," 10.0","24"," 11.3","24"," 19.0"," 26.0","  84.0"," ","  48.9"," "," 0.00","G","999.9","000000"
"72405013743","2011-04-12","38.8472","-77.03454","3.0","WASHINGTON REAGAN NATIONAL AIRPORT, VA US","  66.0","24","  54.0","24","1005.8","22","003.7","24","  9.5","24"," 10.4","24"," 19.0"," 32.1","  80.1","*","  53.6","*"," 0.00","G","999.9","010000"
"72405013743","2011-04-13","38.8472","-77.03454","3.0","WASHINGTON REAGAN NATIONAL AIRPORT, VA US","  52.5","24","  48.4","24","1010.6","16","008.1","24","  8.5","24","  9.2","24"," 14.0"," 20.0","  57.9","*","  48.2","*"," 0.44","G","999.9","010000"
"72405013743","2011-04-14","38.8472","-77.03454","3.0","WASHINGTON REAGAN NATIONAL AIRPORT, VA US","  56.9","24","  39.9","24","1017.5","24","014.9","24"," 10.0","24","  5.0","24","  8.9","999.9","  71.1"," ","  46.0"," "," 0.06","G","999.9","000000"
"72405013743","2011-04-15","38.8472","-77.03454","3.0","WASHINGTON REAGAN NATIONAL AIRPORT, VA US","  57.5","24","  44.1","24","1023.8","24","021.5","24"," 10.0","24","  6.8","24"," 18.1"," 24.1","  71.1"," ","  46.0"," "," 0.00","G","999.9","000000"
"72405013743","2011-04-16","38.8472","-77.03454","3.0","WASHINGTON REAGAN NATIONAL AIRPORT, VA US","  53.5","24","  49.2","24","1018.0","18","013.6","24","  9.0","24"," 14.0","24"," 38.1"," 49.9","  64.9"," ","  48.0"," "," 0.00","G","999.9","010010"
"72405013743","2011-04-17","38.8472","-77.03454","3.0","WASHINGTON REAGAN NATIONAL AIRPORT, VA US","  56.3","24","  39.8","24","1007.1","24","004.3","24","  9.8","24"," 10.9","24"," 19.0"," 27.0","  66.9"," ","  46.9"," "," 0.60","G","999.9","010000"
"72405013743","2011-04-18","38.8472","-77.03454","3.0","WASHINGTON REAGAN NATIONAL AIRPORT, VA US","  61.0","24","  43.3","24","1013.0","24","010.7","24"," 10.0","24","  5.3","24"," 13.0","999.9","  73.9"," ","  46.9"," "," 0.00","G","999.9","000000"
"72405013743","2011-04-19","38.8472","-77.03454","3.0","WASHINGTON REAGAN NATIONAL AIRPORT, VA US","  62.4","24","  48.0","24","1014.6","24","012.3","24"," 10.0","24","  6.5","24"," 11.1","999.9","  73.9"," ","  51.1"," "," 0.00","G","999.9","010010"
"72405013743","2011-04-20","38.8472","-77.03454","3.0","WASHINGTON REAGAN NATIONAL AIRPORT, VA US","  65.9","24","  53.7","24","1011.4","24","009.0","24","  9.5","24","  8.2","24"," 20.0"," 27.0","  86.0"," ","  52.0"," "," 0.01","G","999.9","000000"
"72405013743","2011-04-21","38.8472","-77.03454","3.0","WASHINGTON REAGAN NATIONAL AIRPORT, VA US","  61.1","24","  36.5","24","1019.9","24","017.6","24"," 10.0","24"," 12.4","24"," 21.0"," 31.1","  79.0"," ","  52.0"," "," 0.00","G","999.9","000000"
"72405013743","2011-04-22","38.8472","-77.03454","3.0","WASHINGTON REAGAN NATIONAL AIRPORT, VA US","  48.2","24","  34.3","24","1028.9","24","026.6","24","  9.3","24","  7.6","24"," 11.1","999.9","  63.0"," ","  44.1"," "," 0.00","G","999.9","010000"
"72405013743","2011-04-23","38.8472","-77.03454","3.0","WASHINGTON REAGAN NATIONAL AIRPORT, VA US","  52.5","24","  49.3","24","1020.4","18","018.8","24","  7.9","24","  7.5","24"," 15.0"," 18.1","  70.0","*","  42.8","*"," 0.41","G","999.9","010000"
"72405013743","2011-04-24","38.8472","-77.03454","3.0","WASHINGTON REAGAN NATIONAL AIRPORT, VA US","  67.8","24","  60.3","24","1016.0","24","013.7","24","  9.2","24","  7.2","24"," 14.0"," 21.0","  84.9"," ","  45.0"," "," 0.05","G","999.9","000000"
"72405013743","2011-04-25","38.8472","-77.03454","3.0","WASHINGTON REAGAN NATIONAL AIRPORT, VA US","  69.3","24","  62.8","24","1015.3","18","013.6","24","  8.0","24","  5.8","24"," 17.1"," 25.1","  84.9"," ","  57.0"," "," 0.74","G","999.9","110110"
"72405013743","2011-04-26","38.8472","-77.03454","3.0","WASHINGTON REAGAN NATIONAL AIRPORT, VA US","  72.6","24","  62.0","24","1012.9","22","011.0","24"," 10.0","24"," 11.7","24"," 15.9"," 25.1","  82.9"," ","  57.9"," "," 0.00","G","999.9","000000"
"72405013743","2011-04-27","38.8472","-77.03454","3.0","WASHINGTON REAGAN NATIONAL AIRPORT, VA US","  71.7","24","  65.9","24","1012.5","22","010.1","24"," 10.0","24"," 11.1","24"," 18.1"," 25.1","  82.9"," ","  64.0"," "," 0.00","G","999.9","010010"
"72405013743","2011-04-28","38.8472","-77.03454","3.0","WASHINGTON REAGAN NATIONAL AIRPORT, VA US","  72.8","24","  65.8","24","1005.8","22","003.7","24","  9.7","24"," 12.7","24"," 19.0"," 28.0","  80.1"," ","  66.0"," "," 0.01","G","999.9","010010"
"72405013743","2011-04-29","38.8472","-77.03454","3.0","WASHINGTON REAGAN NATIONAL AIRPORT, VA US","  63.9","24","  41.2","24","1009.8","24","007.3","24"," 10.0","24","  8.7","24"," 14.0"," 24.1","  77.0"," ","  54.0"," "," 0.03","G","999.9","000000"
"72405013743","2011-04-30","38.8472","-77.03454","3.0","WASHINGTON REAGAN NATIONAL AIRPORT, VA US","  58.2","24","  38.9","24","1018.8","24","016.5","24"," 10.0","24","  9.1","24"," 14.0"," 19.0","  70.0"," ","  51.1"," "," 0.00","G","999.9","000000"
"72405013743","2011-05-01","38.8472","-77.03454","3.0","WASHINGTON REAGAN NATIONAL AIRPORT, VA US","  56.5","24","  47.3","24","1024.7","24","022.3","24"," 10.0","24","  4.4","24","  8.9","999.9","  68.0"," ","  51.1"," "," 0.01","G","999.9","000000"
"72405013743","2011-05-02","38.8472","-77.03454","3.0","WASHINGTON REAGAN NATIONAL AIRPORT, VA US","  62.8","24","  54.2","24","1022.3","24","020.0","24"," 10.0","24","  6.0","24"," 12.0","999.9","  77.0"," ","  51.1"," "," 0.01","G","999.9","010000"
"72405013743","2011-05-03","38.8472","-77.03454","3.0","WASHINGTON REAGAN NATIONAL AIRPORT, VA US","  70.9","24","  60.7","24","1016.7","24","014.4","24","  9.7","24"," 10.7","24"," 22.0"," 28.9","  81.0"," ","  55.0"," "," 0.00","G","999.9","000000"
"72405013743","2011-05-04","38.8472","-77.03454","3.0","WASHINGTON REAGAN NATIONAL AIRPORT, VA US","  57.4","24","  48.4","24","1017.3","19","014.9","24","  9.1","24"," 12.5","24"," 19.0"," 29.9","  81.0"," ","  46.0"," "," 0.37","G","999.9","010000"
"72405013743","2011-05-05","38.8472","-77.03454","3.0","WASHINGTON REAGAN NATIONAL AIRPORT, VA US","  55.2","24","  34.9","24","1020.8","24","018.6","24"," 10.0","24"," 11.1","24"," 21.0"," 26.0","  68.0"," ","  46.0"," "," 0.21","G","999.9","000000"
"72405013743","2011-05-06","38.8472","-77.03454","3.0","WASHINGTON REAGAN NATIONAL AIRPORT, VA US","  59.2","24","  40.6","24","1015.2","23","012.7","24"," 10.0","24","  8.3","24"," 22.0"," 27.0","  71.1"," ","  46.0"," "," 0.00","G","999.9","010010"
"72405013743","2011-05-07","38.8472","-77.03454","3.0","WASHINGTON REAGAN NATIONAL AIRPORT, VA US","  61.5","24","  45.0","24","1012.9","24","010.6","24"," 10.0","24","  5.9","24"," 11.1"," 17.1","  72.0"," ","  46.0"," "," 0.00","G","999.9","010010"
"72405013743","2011-05-08","38.8472","-77.03454","3.0","WASHINGTON REAGAN NATIONAL AIRPORT, VA US","  63.9","24","  47.6","24","1012.9","24","010.6","24"," 10.0","24","  4.0","24","  9.9"," 20.0","  73.9"," ","  51.1"," "," 0.00","G","999.9","010000"
"72405013743","2011-05-09","38.8472","-77.03454","3.0","WASHINGTON REAGAN NATIONAL AIRPORT, VA US","  63.3","24","  49.2","24","1014.6","24","012.3","24"," 10.0","24","  5.8","24"," 11.1"," 18.1","  73.9"," ","  53.1"," "," 0.00","G","999.9","000000"
"72405013743","2011-05-10","38.8472","-77.03454","3.0","WASHINGTON REAGAN NATIONAL AIRPORT, VA US","  63.6","24","  43.4","24","1015.8","24","013.5","24"," 10.0","24","  4.7","24","  8.9"," 15.0","  75.9"," ","  52.0"," "," 0.00","G","999.9","000000"
"72405013743","2011-05-11","38.8472","-77.03454","3.0","WASHINGTON REAGAN NATIONAL AIRPORT, VA US","  65.1","24","  50.4","24","1016.5","24","014.3","24"," 10.0","24","  4.2","24"," 11.1","999.9","  77.0"," ","  52.0"," "," 0.00","G","999.9","000000"
"72405013743","2011-05-12","38.8472","-77.03454","3.0","WASHINGTON REAGAN NATIONAL AIRPORT, VA US","  62.9","24","  53.6","24","1017.6","24","015.5","24"," 10.0","24","  6.7","24"," 11.1","999.9","  77.0"," ","  54.0"," "," 0.00","G","999.9","000000"
"72405013743","2011-05-13","38.8472","-77.03454","3.0","WASHINGTON REAGAN NATIONAL AIRPORT, VA US","  62.9","24","  58.2","24","1013.1","19","010.9","24","  9.5","24","  6.3","24"," 14.0","999.9","  73.9"," ","  54.0"," "," 0.00","G","999.9","010000"
"72405013743","2011-05-14","38.8472","-77.03454","3.0","WASHINGTON REAGAN NATIONAL AIRPORT, VA US","  61.9","24","  59.0","24","1008.4","19","006.5","24","  8.5","24","  5.2","24","  9.9","999.9","  66.9"," ","  59.0"," "," 0.00","G","999.9","010000"
"72405013743","2011-05-15","38.8472","-77.03454","3.0","WASHINGTON REAGAN NATIONAL AIRPORT, VA US","  66.5","24","  62.7","24","1001.3","17","999.7","24","  9.0","24","  6.2","24"," 14.0"," 22.9","  75.0"," ","  59.0"," "," 0.48","G","999.9","010010"
"72405013743","2011-05-16","38.8472","-77.03454","3.0","WASHINGTON REAGAN NATIONAL AIRPORT, VA US","  67.3","24","  59.7","24","1002.5","23","000.3","24","  9.6","24","  4.9","24"," 11.1"," 21.0","  80.1"," ","  61.0"," "," 0.00","G","999.9","010010"
"72405013743","2011-05-17","38.8472","-77.03454","3.0","WASHINGTON REAGAN NATIONAL AIRPORT, VA US","  66.7","24","  61.4","24","1005.8","17","003.4","24","  9.8","24"," 10.0","24"," 17.1"," 25.1","  80.1"," ","  61.0"," "," 0.19","G","999.9","010000"
"72405013743","2011-05-18","38.8472","-77.03454","3.0","WASHINGTON REAGAN NATIONAL AIRPORT, VA US","  65.7","24","  61.0","24","1009.0","20","006.8","24","  9.5","24","  8.3","24"," 15.0"," 17.1","  73.0"," ","  62.1"," "," 0.05","G","999.9","010000"
"72405013743","2011-05-19","38.8472","-77.03454","3.0","WASHINGTON REAGAN NATIONAL AIRPORT, VA US","  63.8","24","  58.8","24","1013.6","23","011.3","24"," 10.0","24","  2.8","24","  8.9","999.9","  72.0"," ","  57.9"," "," 0.16","G","999.9","010010"
"72405013743","2011-05-20","38.8472","-77.03454","3.0","WASHINGTON REAGAN NATIONAL AIRPORT, VA US","  63.8","24","  54.3","24","1016.0","22","013.9","24"," 10.0","24","  5.6","24"," 11.1"," 17.1","  72.0"," ","  55.0"," "," 0.12","G","999.9","010010"
"72405013743","2011-05-21","38.8472","-77.03454","3.0","WASHINGTON REAGAN NATIONAL AIRPORT, VA US","  68.9","24","  55.1","24","1015.2","24","013.0","24"," 10.0","24","  4.8","24","  9.9","999.9","  82.9"," ","  55.0"," "," 0.00","G","999.9","000000"
"72405013743","2011-05-22","38.8472","-77.03454","3.0","WASHINGTON REAGAN NATIONAL AIRPORT, VA US","  70.2","24","  60.0","24","1016.6","24","014.3","24"," 10.0","24","  4.9","24","  8.9","999.9","  82.9"," ","  57.0"," "," 0.00","G","999.9","010000"
"72405013743","2011-05-23","38.8472","-77.03454","3.0","WASHINGTON REAGAN NATIONAL AIRPORT, VA US","  71.9","24","  64.7","24","1014.4","21","012.2","24","  8.9","24","  8.0","24"," 19.0"," 28.0","  82.9"," ","  60.1"," "," 0.02","G","999.9","010000"
"72405013743","2011-05-24","38.8472","-77.03454","3.0","WASHINGTON REAGAN NATIONAL AIRPORT, VA US","  75.3","24","  66.0","24","1010.1","23","007.8","24","  7.9","24","  7.8","24"," 15.0"," 21.0","  87.1"," ","  64.0"," "," 0.03","B","999.9","010010"
"72405013743","2011-05-25","38.8472","-77.03454","3.0","WASHINGTON REAGAN NATIONAL AIRPORT, VA US","  75.2","24","  64.3","24","1012.4","24","010.0","24"," 10.0","24","  5.6","24"," 13.0","999.9","  87.1"," ","  64.9"," "," 0.00","H","999.9","010010"
"72405013743","2011-05-26","38.8472","-77.03454","3.0","WASHINGTON REAGAN NATIONAL AIRPORT, VA US","  78.6","24","  67.1","24","1010.8","24","008.5","24","  8.6","24","  7.0","24"," 13.0"," 18.1","  91.9"," ","  64.9"," "," 0.00","G","999.9","000000"
"72405013743","2011-05-27","38.8472","-77.03454","3.0","WASHINGTON REAGAN NATIONAL AIRPORT, VA US","  79.6","24","  64.9","24","1012.9","24","010.6","24"," 10.0","24","  8.7","24"," 29.9"," 39.0","  91.9"," ","  68.0"," "," 0.00","G","999.9","010010"
"72405013743","2011-05-28","38.8472","-77.03454","3.0","WASHINGTON REAGAN NATIONAL AIRPORT, VA US","  73.5","24","  64.2","24","1015.4","23","013.1","24","  9.9","24","  8.6","24"," 19.0"," 39.0","  86.0"," ","  66.0"," "," 0.06","G","999.9","010010"
"72405013743","2011-05-29","38.8472","-77.03454","3.0","WASHINGTON REAGAN NATIONAL AIRPORT, VA US","  75.4","24","  68.9","24","1017.9","22","015.7","24"," 10.0","24","  8.3","24"," 11.1","999.9","  84.0"," ","  66.0"," "," 0.00","G","999.9","000000"
"72405013743","2011-05-30","38.8472","-77.03454","3.0","WASHINGTON REAGAN NATIONAL AIRPORT, VA US","  81.8","24","  69.9","24","1019.4","24","017.0","24","  8.6","24","  5.4","24","  9.9"," 15.0","  96.1"," ","  69.1"," "," 0.00","G","999.9","000000"
"72405013743","2011-05-31","38.8472","-77.03454","3.0","WASHINGTON REAGAN NATIONAL AIRPORT, VA US","  85.5","24","  70.2","24","1020.8","24","018.4","24","  8.7","24","  3.8","24","  8.0","999.9","  98.1"," ","  71.1"," "," 0.00","G","999.9","000000"
"72405013743","2011-06-01","38.8472","-77.03454","3.0","WASHINGTON REAGAN NATIONAL AIRPORT, VA US","  85.1","24","  71.6","24","1019.7","22","016.9","24","  7.5","24","  7.0","24"," 14.0"," 24.1","  98.1"," ","  75.9"," "," 0.00","G","999.9","010110"
"72405013743","2011-06-02","38.8472","-77.03454","3.0","WASHINGTON REAGAN NATIONAL AIRPORT, VA US","  81.6","24","  51.8","24","1016.2","24","013.8","24","  9.6","24"," 10.6","24"," 19.0"," 28.0","  98.1"," ","  73.9"," "," 0.16","G","999.9","000000"
"72405013743","2011-06-03","38.8472","-77.03454","3.0","WASHINGTON REAGAN NATIONAL AIRPORT, VA US","  72.3","24","  41.7","24","1019.9","24","017.6","24"," 10.0","24","  9.9","24"," 13.0"," 18.1","  81.0","*","  62.6","*"," 0.00","G","999.9","000000"
"72405013743","2011-06-04","38.8472","-77.03454","3.0","WASHINGTON REAGAN NATIONAL AIRPORT, VA US","  72.4","24","  46.8","24","1019.8","24","017.5","24"," 10.0","24","  4.3","24"," 15.0","999.9","  84.9"," ","  61.0"," "," 0.01","G","999.9","000000"
"72405013743","2011-06-05","38.8472","-77.03454","3.0","WASHINGTON REAGAN NATIONAL AIRPORT, VA US","  74.5","24","  59.5","24","1016.0","24","013.7","24"," 10.0","24","  4.7","24","  8.9","999.9","  84.9"," ","  61.0"," "," 0.00","G","999.9","000000"
"72405013743","2011-06-06","38.8472","-77.03454","3.0","WASHINGTON REAGAN NATIONAL AIRPORT, VA US","  76.5","24","  60.6","24","1015.9","24","013.6","24","  9.6","24","  5.1","24","  9.9","999.9","  88.0"," ","  66.0"," "," 0.00","G","999.9","000000"
"72405013743","2011-06-07","38.8472","-77.03454","3.0","WASHINGTON REAGAN NATIONAL AIRPORT, VA US","  78.5","24","  62.1","24","1015.7","24","013.4","24","  9.9","24","  6.5","24"," 12.0"," 18.1","  90.0"," ","  66.0"," "," 0.00","G","999.9","000000"
"72405013743","2011-06-08","38.8472","-77.03454","3.0","WASHINGTON REAGAN NATIONAL AIRPORT, VA US","  84.1","24","  67.7","24","1014.1","24","011.7","24","  9.2","24","  5.0","24","  8.9"," 15.0","  99.0"," ","  68.0"," "," 0.00","G","999.9","000000"
"72405013743","2011-06-09","38.8472","-77.03454","3.0","WASHINGTON REAGAN NATIONAL AIRPORT, VA US","  88.8","24","  71.8","24","1012.8","24","010.4","24","  7.6","24","  5.5","24","  9.9"," 15.9"," 102.0"," ","  72.0"," "," 0.00","G","999.9","000000"
"72405013743","2011-06-10","38.8472","-77.03454","3.0","WASHINGTON REAGAN NATIONAL AIRPORT, VA US","  84.5","24","  66.8","24","1013.4","22","011.1","24","  9.2","24","  5.5","24"," 15.0"," 22.9"," 102.0"," ","  73.9"," "," 0.04","G","999.9","010010"
"72405013743","2011-06-11","38.8472","-77.03454","3.0","WASHINGTON REAGAN NATIONAL AIRPORT, VA US","  82.4","24","  68.8","24","1013.1","23","010.7","24","  8.8","24","  5.7","24"," 12.0"," 15.9","  93.9"," ","  73.9"," "," 0.00","B","999.9","000000"
"72405013743","2011-06-12","38.8472","-77.03454","3.0","WASHINGTON REAGAN NATIONAL AIRPORT, VA US","  78.9","24","  68.2","24","1010.8","24","008.5","24","  9.7","24","  6.8","24"," 14.0"," 20.0","  93.0"," ","  71.1"," "," 0.00","G","999.9","010010"
"72405013743","2011-06-13","38.8472","-77.03454","3.0","WASHINGTON REAGAN NATIONAL AIRPORT, VA US","  73.5","24","  56.1","24","1012.6","24","010.3","24"," 10.0","24"," 10.5","24"," 18.1"," 22.9","  90.0"," ","  64.9"," "," 0.07","G","999.9","000000"
"72405013743","2011-06-14","38.8472","-77.03454","3.0","WASHINGTON REAGAN NATIONAL AIRPORT, VA US","  71.0","24","  50.0","24","1013.0","24","010.7","24"," 10.0","24","  9.6","24"," 15.0"," 22.0","  81.0"," ","  64.0"," "," 0.00","G","999.9","010000"
"72405013743","2011-06-15","38.8472","-77.03454","3.0","WASHINGTON REAGAN NATIONAL AIRPORT, VA US","  71.3","24","  50.0","24","1014.4","24","012.1","24"," 10.0","24","  7.6","24"," 13.0"," 14.0","  84.0"," ","  59.0"," "," 0.00","G","999.9","000000"
"72405013743","2011-06-16","38.8472","-77.03454","3.0","WASHINGTON REAGAN NATIONAL AIRPORT, VA US","  73.1","24","  58.0","24","1012.9","23","010.6","24","  9.7","24","  7.0","24"," 14.0"," 18.1","  84.0"," ","  59.0"," "," 0.00","G","999.9","010000"
"72405013743","2011-06-17","38.8472","-77.03454","3.0","WASHINGTON REAGAN NATIONAL AIRPORT, VA US","  73.8","24","  64.1","24","1012.1","20","009.7","24","  9.3","24","  6.7","24"," 19.0"," 45.1","  88.0"," ","  64.0"," "," 0.83","G","999.9","010010"
"72405013743","2011-06-18","38.8472","-77.03454","3.0","WASHINGTON REAGAN NATIONAL AIRPORT, VA US","  76.7","24","  66.5","24","1011.9","24","009.7","24","  9.9","24","  4.9","24","  9.9","999.9","  89.1"," ","  64.0"," "," 0.20","G","999.9","010010"
"72405013743","2011-06-19","38.8472","-77.03454","3.0","WASHINGTON REAGAN NATIONAL AIRPORT, VA US","  79.5","24","  66.0","24","1009.8","24","007.5","24"," 10.0","24","  3.3","24","  6.0","999.9","  89.1"," ","  69.1"," "," 0.00","G","999.9","010000"
"72405013743","2011-06-20","38.8472","-77.03454","3.0","WASHINGTON REAGAN NATIONAL AIRPORT, VA US","  73.6","24","  64.9","24","1011.4","24","009.1","24","  8.9","24","  5.4","24","  8.9","999.9","  84.0"," ","  66.9"," "," 0.31","G","999.9","010000"
"72405013743","2011-06-21","38.8472","-77.03454","3.0","WASHINGTON REAGAN NATIONAL AIRPORT, VA US","  75.7","24","  67.5","24","1013.4","24","011.2","24"," 10.0","24","  6.8","24","  8.9","999.9","  87.1"," ","  66.9"," "," 0.05","G","999.9","010000"
"72405013743","2011-06-22","38.8472","-77.03454","3.0","WASHINGTON REAGAN NATIONAL AIRPORT, VA US","  81.4","24","  70.6","24","1011.8","24","009.5","24"," 10.0","24","  5.8","24"," 14.0"," 15.9","  90.0"," ","  70.0"," "," 0.01","G","999.9","010010"
"72405013743","2011-06-23","38.8472","-77.03454","3.0","WASHINGTON REAGAN NATIONAL AIRPORT, VA US","  82.0","24","  71.1","24","1008.3","24","006.0","24"," 10.0","24","  7.9","24"," 15.0"," 18.1","  90.0"," ","  73.0"," "," 0.00","G","999.9","010000"
"72405013743","2011-06-24","38.8472","-77.03454","3.0","WASHINGTON REAGAN NATIONAL AIRPORT, VA US","  80.7","24","  65.3","24","1006.3","24","004.0","24"," 10.0","24","  8.7","24"," 15.0"," 22.9","  90.0"," ","  73.0"," "," 0.00","G","999.9","000000"
"72405013743","2011-06-25","38.8472","-77.03454","3.0","WASHINGTON REAGAN NATIONAL AIRPORT, VA US","  79.0","24","  57.3","24","1009.9","24","007.6","24"," 10.0","24","  7.0","24"," 11.1"," 19.0","  90.0"," ","  72.0"," "," 0.00","G","999.9","000000"
"72405013743","2011-06-26","38.8472","-77.03454","3.0","WASHINGTON REAGAN NATIONAL AIRPORT, VA US","  76.8","24","  57.0","24","1014.6","24","012.3","24"," 10.0","24","  5.0","24"," 11.1"," 14.0","  86.0"," ","  66.9"," "," 0.00","G","999.9","000000"
"72405013743","2011-06-27","38.8472","-77.03454","3.0","WASHINGTON REAGAN NATIONAL AIRPORT, VA US","  77.1","24","  63.3","24","1015.9","24","013.6","24","  9.9","24","  4.1","24","  9.9","999.9","  86.0"," ","  66.9"," "," 0.02","G","999.9","010000"
"72405013743","2011-06-28","38.8472","-77.03454","3.0","WASHINGTON REAGAN NATIONAL AIRPORT, VA US","  82.3","24","  67.9","24","1013.0","23","010.5","24","  9.5","24","  4.4","24"," 11.1","999.9","  95.0"," ","  70.0"," "," 0.01","G","999.9","010010"
"72405013743","2011-06-29","38.8472","-77.03454","3.0","WASHINGTON REAGAN NATIONAL AIRPORT, VA US","  81.3","24","  61.6","24","1013.0","24","010.7","24"," 10.0","24","  9.2","24"," 17.1"," 20.0","  95.0"," ","  73.9"," "," 0.00","G","999.9","000000"
"72405013743","2011-06-30","38.8472","-77.03454","3.0","WASHINGTON REAGAN NATIONAL AIRPORT, VA US","  78.7","24","  53.4","24","1016.2","24","013.9","24"," 10.0","24","  7.7","24"," 14.0"," 19.0","  89.1"," ","  66.9"," "," 0.00","G","999.9","000000"
"72405013743","2011-07-01","38.8472","-77.03454","3.0","WASHINGTON REAGAN NATIONAL AIRPORT, VA US","  80.7","24","  51.7","24","1016.2","24","013.8","24"," 10.0","24","  4.5","24","  8.9"," 14.0","  91.0"," ","  69.1"," "," 0.00","G","999.9","000000"
"72405013743","2011-07-02","38.8472","-77.03454","3.0","WASHINGTON REAGAN NATIONAL AIRPORT, VA US","  81.7","24","  55.0","24","1017.6","24","015.2","24"," 10.0","24","  3.6","24","  9.9","999.9","  95.0"," ","  68.0"," "," 0.00","G","999.9","000000"
"72405013743","2011-07-03","38.8472","-77.03454","3.0","WASHINGTON REAGAN NATIONAL AIRPORT, VA US","  82.0","24","  66.7","24","1013.6","21","011.3","24","  9.0","24","  8.5","24"," 31.1"," 45.1","  95.0"," ","  68.0"," "," 0.69","G","999.9","010010"
"72405013743","2011-07-04","38.8472","-77.03454","3.0","WASHINGTON REAGAN NATIONAL AIRPORT, VA US","  79.6","24","  67.2","24","1012.2","23","009.9","24","  9.9","24","  2.9","24","  8.0","999.9","  93.9"," ","  70.0"," "," 0.18","G","999.9","010010"
"72405013743","2011-07-05","38.8472","-77.03454","3.0","WASHINGTON REAGAN NATIONAL AIRPORT, VA US","  82.5","24","  66.1","24","1013.6","24","011.3","24","  9.8","24","  4.5","24","  8.0","999.9","  91.0"," ","  73.0"," "," 0.00","G","999.9","000000"
"72405013743","2011-07-06","38.8472","-77.03454","3.0","WASHINGTON REAGAN NATIONAL AIRPORT, VA US","  81.7","24","  71.2","24","1014.2","24","011.9","24","  8.9","24","  5.2","24","  9.9","999.9","  91.0"," ","  73.9"," "," 0.00","G","999.9","010000"
"72405013743","2011-07-07","38.8472","-77.03454","3.0","WASHINGTON REAGAN NATIONAL AIRPORT, VA US","  82.6","24","  69.4","24","1013.2","21","011.0","24","  8.8","24","  6.2","24"," 11.1","999.9","  95.0"," ","  73.0"," "," 0.07","G","999.9","000000"
"72405013743","2011-07-08","38.8472","-77.03454","3.0","WASHINGTON REAGAN NATIONAL AIRPORT, VA US","  81.3","24","  71.1","24","1010.9","21","008.1","24","  9.2","24","  7.5","24"," 15.9"," 22.0","  95.0"," ","  73.0"," "," 0.00","G","999.9","010010"
"72405013743","2011-07-09","38.8472","-77.03454","3.0","WASHINGTON REAGAN NATIONAL AIRPORT, VA US","  80.3","24","  65.7","24","1011.1","24","008.7","24","  9.3","24","  6.2","24"," 11.1"," 17.1","  91.9"," ","  72.0"," "," 0.60","G","999.9","000000"
"72405013743","2011-07-10","38.8472","-77.03454","3.0","WASHINGTON REAGAN NATIONAL AIRPORT, VA US","  83.0","24","  65.4","24","1016.8","24","014.4","24","  9.7","24","  5.9","24"," 12.0"," 18.1","  91.9"," ","  72.0"," "," 0.00","G","999.9","000000"
"72405013743","2011-07-11","38.8472","-77.03454","3.0","WASHINGTON REAGAN NATIONAL AIRPORT, VA US","  84.9","24","  69.4","24","1015.3","24","012.9","24","  9.4","24","  9.9","24"," 15.0"," 19.0","  95.0"," ","  73.0"," "," 0.00","G","999.9","000000"
"72405013743","2011-07-12","38.8472","-77.03454","3.0","WASHINGTON REAGAN NATIONAL AIRPORT, VA US","  86.0","24","  69.7","24","1009.5","23","007.2","24","  9.9","24","  8.6","24"," 18.1"," 22.9","  97.0"," ","  75.9"," "," 0.00","G","999.9","010010"
"72405013743","2011-07-13","38.8472","-77.03454","3.0","WASHINGTON REAGAN NATIONAL AIRPORT, VA US","  85.5","24","  66.9","24","1009.6","23","007.2","24","  9.5","24","  5.4","24"," 21.0"," 34.0","  93.2","*","  73.4","*"," 0.00","G","999.9","010010"
"72405013743","2011-07-14","38.8472","-77.03454","3.0","WASHINGTON REAGAN NATIONAL AIRPORT, VA US","  77.4","24","  58.1","24","1015.0","24","012.6","24","  9.7","24","  8.5","24"," 13.0"," 17.1","  93.0"," ","  68.0"," "," 1.05","G","999.9","000000"
"72405013743","2011-07-15","38.8472","-77.03454","3.0","WASHINGTON REAGAN NATIONAL AIRPORT, VA US","  75.3","24","  59.1","24","1018.9","24","016.6","24"," 10.0","24","  6.6","24","  8.9"," 15.0","  84.9"," ","  68.0"," "," 0.00","G","999.9","000000"
"72405013743","2011-07-16","38.8472","-77.03454","3.0","WASHINGTON REAGAN NATIONAL AIRPORT, VA US","  77.0","24","  60.3","24","1021.1","24","018.7","24"," 10.0","24","  7.2","24"," 12.0"," 18.1","  86.0"," ","  66.9"," "," 0.00","G","999.9","000000"
"72405013743","2011-07-17","38.8472","-77.03454","3.0","WASHINGTON REAGAN NATIONAL AIRPORT, VA US","  80.0","24","  64.0","24","1021.8","24","019.5","24"," 10.0","24","  8.9","24"," 14.0","999.9","  89.1"," ","  66.9"," "," 0.00","G","999.9","000000"
"72405013743","2011-07-18","38.8472","-77.03454","3.0","WASHINGTON REAGAN NATIONAL AIRPORT, VA US","  82.5","24","  69.1","24","1017.6","24","015.3","24"," 10.0","24","  7.9","24"," 13.0"," 20.0","  93.0"," ","  72.0"," "," 0.00","G","999.9","000000"
"72405013743","2011-07-19","38.8472","-77.03454","3.0","WASHINGTON REAGAN NATIONAL AIRPORT, VA US","  86.4","24","  70.9","24","1010.8","24","008.5","24","  9.4","24","  5.5","24"," 11.1"," 15.9","  97.0"," ","  73.0"," "," 0.00","G","999.9","010000"
"72405013743","2011-07-20","38.8472","-77.03454","3.0","WASHINGTON REAGAN NATIONAL AIRPORT, VA US","  84.0","24","  73.3","24","1010.8","24","008.5","24","  9.0","24","  3.6","24","  8.9"," 15.0","  97.0"," ","  77.0"," "," 0.24","G","999.9","010010"
"72405013743","2011-07-21","38.8472","-77.03454","3.0","WASHINGTON REAGAN NATIONAL AIRPORT, VA US","  88.3","24","  76.4","24","1010.4","24","008.1","24","  6.4","24","  7.9","24"," 13.0"," 17.1","  99.0"," ","  77.0"," "," 0.00","G","999.9","000000"
"72405013743","2011-07-22","38.8472","-77.03454","3.0","WASHINGTON REAGAN NATIONAL AIRPORT, VA US","  92.4","24","  76.3","24","1011.4","24","009.1","24","  7.9","24","  6.1","24"," 11.1","999.9"," 102.0"," ","  80.1"," "," 0.00","G","999.9","010010"
"72405013743","2011-07-23","38.8472","-77.03454","3.0","WASHINGTON REAGAN NATIONAL AIRPORT, VA US","  92.6","24","  69.7","24","1013.5","24","011.3","24"," 10.0","24","  4.6","24"," 12.0","999.9"," 102.0"," ","  82.9"," "," 0.00","G","999.9","000000"
"72405013743","2011-07-24","38.8472","-77.03454","3.0","WASHINGTON REAGAN NATIONAL AIRPORT, VA US","  90.5","24","  71.5","24","1013.4","24","011.2","24","  8.9","24","  6.7","24"," 14.0"," 15.0"," 102.0"," ","  84.0"," "," 0.00","G","999.9","000000"
"72405013743","2011-07-25","38.8472","-77.03454","3.0","WASHINGTON REAGAN NATIONAL AIRPORT, VA US","  84.7","24","  73.9","24","1010.9","24","008.6","24","  8.2","24","  3.3","24"," 15.0"," 19.0","  97.0"," ","  78.1"," "," 0.00","G","999.9","010010"
"72405013743","2011-07-26","38.8472","-77.03454","3.0","WASHINGTON REAGAN NATIONAL AIRPORT, VA US","  83.9","24","  65.8","24","1008.2","24","005.9","24","  9.7","24","  6.5","24"," 14.0","999.9","  95.0"," ","  75.9"," "," 0.20","G","999.9","000000"
"72405013743","2011-07-27","38.8472","-77.03454","3.0","WASHINGTON REAGAN NATIONAL AIRPORT, VA US","  86.1","24","  59.1","24","1011.9","24","009.5","24"," 10.0","24","  7.7","24"," 13.0"," 19.0","  95.0"," ","  75.9"," "," 0.00","G","999.9","000000"
"72405013743","2011-07-28","38.8472","-77.03454","3.0","WASHINGTON REAGAN NATIONAL AIRPORT, VA US","  85.3","24","  65.8","24","1016.2","24","013.8","24"," 10.0","24","  5.5","24","  9.9","999.9","  95.0"," ","  78.1"," "," 0.00","G","999.9","000000"
"72405013743","2011-07-29","38.8472","-77.03454","3.0","WASHINGTON REAGAN NATIONAL AIRPORT, VA US","  90.5","24","  71.6","24","1014.0","24","011.7","24","  9.0","24","  6.7","24"," 14.0"," 19.0"," 104.0"," ","  78.1"," "," 0.00","G","999.9","000000"
"72405013743","2011-07-30","38.8472","-77.03454","3.0","WASHINGTON REAGAN NATIONAL AIRPORT, VA US","  89.2","24","  64.6","24","1014.6","24","012.2","24"," 10.0","24","  7.1","24"," 15.9"," 22.9"," 104.0"," ","  80.1"," "," 0.00","G","999.9","000000"
"72405013743","2011-07-31","38.8472","-77.03454","3.0","WASHINGTON REAGAN NATIONAL AIRPORT, VA US","  88.8","24","  62.1","24","1016.3","24","013.9","24"," 10.0","24","  4.8","24"," 11.1"," 17.1","  99.0"," ","  80.1"," "," 0.00","G","999.9","000000"
"72405013743","2011-08-01","38.8472","-77.03454","3.0","WASHINGTON REAGAN NATIONAL AIRPORT, VA US","  86.6","24","  65.8","24","1014.7","24","012.3","24"," 10.0","24","  6.8","24"," 14.0"," 20.0"," 100.0"," ","  75.0"," "," 0.00","G","999.9","010010"
"72405013743","2011-08-02","38.8472","-77.03454","3.0","WASHINGTON REAGAN NATIONAL AIRPORT, VA US","  84.5","24","  62.8","24","1010.5","24","008.2","24"," 10.0","24","  7.3","24"," 15.0"," 21.0"," 100.0"," ","  73.9"," "," 0.00","G","999.9","000000"
"72405013743","2011-08-03","38.8472","-77.03454","3.0","WASHINGTON REAGAN NATIONAL AIRPORT, VA US","  84.1","24","  67.1","24","1007.1","20","004.7","24","  9.3","24","  6.3","24"," 18.1"," 22.9","  98.1"," ","  73.9"," "," 0.00","G","999.9","010000"
"72405013743","2011-08-04","38.8472","-77.03454","3.0","WASHINGTON REAGAN NATIONAL AIRPORT, VA US","  79.7","24","  71.7","24","1009.2","20","006.7","24","  7.1","24","  6.7","24"," 13.0","999.9","  88.0"," ","  75.9"," "," 0.29","G","999.9","010000"
"72405013743","2011-08-05","38.8472","-77.03454","3.0","WASHINGTON REAGAN NATIONAL AIRPORT, VA US","  79.4","24","  66.1","24","1017.5","22","015.2","24"," 10.0","24","  6.4","24"," 11.1","999.9","  88.0"," ","  72.0"," "," 0.01","G","999.9","000000"
"72405013743","2011-08-06","38.8472","-77.03454","3.0","WASHINGTON REAGAN NATIONAL AIRPORT, VA US","  80.9","24","  69.4","24","1016.3","21","013.8","24"," 10.0","24","  7.8","24"," 15.9"," 22.9","  93.0"," ","  72.0"," "," 0.00","G","999.9","010000"
"72405013743","2011-08-07","38.8472","-77.03454","3.0","WASHINGTON REAGAN NATIONAL AIRPORT, VA US","  82.7","24","  73.7","24","1008.0","19","005.5","24","  9.2","24","  8.4","24"," 22.9"," 29.9","  97.0"," ","  73.9"," "," 0.04","G","999.9","010010"
"72405013743","2011-08-08","38.8472","-77.03454","3.0","WASHINGTON REAGAN NATIONAL AIRPORT, VA US","  83.3","24","  69.1","24","1004.1","24","001.8","24"," 10.0","24","  7.4","24"," 14.0"," 18.1","  97.0"," ","  75.9"," "," 0.67","G","999.9","000000"
"72405013743","2011-08-09","38.8472","-77.03454","3.0","WASHINGTON REAGAN NATIONAL AIRPORT, VA US","  85.2","24","  68.8","24","1002.6","23","000.3","24","  9.5","24","  4.0","24"," 11.1"," 14.0","  95.0"," ","  75.9"," "," 0.00","G","999.9","000000"
"72405013743","2011-08-10","38.8472","-77.03454","3.0","WASHINGTON REAGAN NATIONAL AIRPORT, VA US","  85.2","24","  60.7","24","1004.4","24","002.1","24"," 10.0","24","  8.1","24"," 14.0"," 21.0","  95.0"," ","  75.0"," "," 0.00","G","999.9","000000"
"72405013743","2011-08-11","38.8472","-77.03454","3.0","WASHINGTON REAGAN NATIONAL AIRPORT, VA US","  81.5","24","  53.8","24","1010.1","24","007.7","24"," 10.0","24","  6.3","24"," 11.1"," 17.1","  93.0"," ","  72.0"," "," 0.00","G","999.9","000000"
"72405013743","2011-08-12","38.8472","-77.03454","3.0","WASHINGTON REAGAN NATIONAL AIRPORT, VA US","  79.4","24","  52.7","24","1016.0","24","013.6","24"," 10.0","24","  4.9","24"," 11.1","999.9","  90.0"," ","  70.0"," "," 0.00","G","999.9","000000"
"72405013743","2011-08-13","38.8472","-77.03454","3.0","WASHINGTON REAGAN NATIONAL AIRPORT, VA US","  78.5","24","  65.1","24","1017.0","24","014.6","24","  9.8","24","  6.6","24"," 25.1"," 34.0","  90.0"," ","  70.0"," "," 0.00","G","999.9","010010"
"72405013743","2011-08-14","38.8472","-77.03454","3.0","WASHINGTON REAGAN NATIONAL AIRPORT, VA US","  77.4","24","  71.0","24","1009.1","15","008.2","24","  9.3","24","  8.5","24"," 14.0"," 20.0","  86.0"," ","  73.0"," "," 0.43","G","999.9","010010"
"72405013743","2011-08-15","38.8472","-77.03454","3.0","WASHINGTON REAGAN NATIONAL AIRPORT, VA US","  75.7","24","  66.4","24","1005.9","18","003.6","24","  9.6","24","  7.5","24"," 22.9"," 32.1","  86.0"," ","  68.0"," "," 1.35","G","999.9","010010"
"72405013743","2011-08-16","38.8472","-77.03454","3.0","WASHINGTON REAGAN NATIONAL AIRPORT, VA US","  78.2","24","  62.4","24","1010.8","24","008.5","24","  9.9","24","  9.2","24"," 15.9"," 22.9","  88.0"," ","  68.0"," "," 0.00","G","999.9","000000"
"72405013743","2011-08-17","38.8472","-77.03454","3.0","WASHINGTON REAGAN NATIONAL AIRPORT, VA US","  80.4","24","  63.0","24","1019.1","24","016.8","24"," 10.0","24","  3.9","24","  9.9","999.9","  90.0"," ","  71.1"," "," 0.00","G","999.9","000000"
"72405013743","2011-08-18","38.8472","-77.03454","3.0","WASHINGTON REAGAN NATIONAL AIRPORT, VA US","  81.1","24","  66.1","24","1017.1","23","014.6","24"," 10.0","24","  9.3","24"," 17.1"," 20.0","  91.0"," ","  71.1"," "," 0.00","G","999.9","010010"
"72405013743","2011-08-19","38.8472","-77.03454","3.0","WASHINGTON REAGAN NATIONAL AIRPORT, VA US","  78.6","24","  68.2","24","1013.1","21","010.7","24","  9.0","24","  4.0","24"," 24.1"," 38.1","  91.0"," ","  69.1"," "," 0.08","G","999.9","010010"
"72405013743","2011-08-20","38.8472","-77.03454","3.0","WASHINGTON REAGAN NATIONAL AIRPORT, VA US","  76.3","24","  65.6","24","1015.2","23","012.8","24","  8.6","24","  3.7","24"," 13.0","999.9","  89.1"," ","  69.1"," "," 1.53","G","999.9","010010"
"72405013743","2011-08-21","38.8472","-77.03454","3.0","WASHINGTON REAGAN NATIONAL AIRPORT, VA US","  80.4","24","  71.1","24","1013.6","23","011.1","24","  9.4","24","  8.7","24"," 15.0"," 22.0","  90.0"," ","  69.1"," "," 0.00","G","999.9","010010"
"72405013743","2011-08-22","38.8472","-77.03454","3.0","WASHINGTON REAGAN NATIONAL AIRPORT, VA US","  79.0","24","  59.9","24","1012.0","24","009.6","24"," 10.0","24","  9.8","24"," 17.1"," 22.0","  90.0"," ","  73.9"," "," 0.27","G","999.9","010000"
"72405013743","2011-08-23","38.8472","-77.03454","3.0","WASHINGTON REAGAN NATIONAL AIRPORT, VA US","  73.9","24","  48.4","24","1017.3","24","015.0","24"," 10.0","24","  6.3","24"," 11.1","999.9","  84.0"," ","  63.0"," "," 0.00","G","999.9","000000"
"72405013743","2011-08-24","38.8472","-77.03454","3.0","WASHINGTON REAGAN NATIONAL AIRPORT, VA US","  75.2","24","  59.7","24","1017.5","24","015.2","24"," 10.0","24","  7.8","24"," 15.9"," 27.0","  87.1"," ","  63.0"," "," 0.00","G","999.9","000000"
"72405013743","2011-08-25","38.8472","-77.03454","3.0","WASHINGTON REAGAN NATIONAL AIRPORT, VA US","  78.7","24","  69.2","24","1012.7","21","010.4","24","  9.4","24","  8.8","24"," 17.1"," 21.0","  87.1"," ","  64.9"," "," 0.00","G","999.9","010010"
"72405013743","2011-08-26","38.8472","-77.03454","3.0","WASHINGTON REAGAN NATIONAL AIRPORT, VA US","  77.4","24","  69.0","24","1014.7","24","012.4","24","  9.8","24","  3.9","24"," 13.0","999.9","  90.0"," ","  70.0"," "," 0.42","G","999.9","010000"
"72405013743","2011-08-27","38.8472","-77.03454","3.0","WASHINGTON REAGAN NATIONAL AIRPORT, VA US","  77.5","24","  72.3","24","1007.8","15","005.1","24","  7.8","24"," 11.8","24"," 29.9"," 42.9","  90.0"," ","  70.0"," "," 0.01","G","999.9","010000"
"72405013743","2011-08-28","38.8472","-77.03454","3.0","WASHINGTON REAGAN NATIONAL AIRPORT, VA US","  76.8","24","  65.1","24"," 996.1","21","992.2","24","  7.6","24"," 20.3","24"," 35.9"," 49.9","  87.1"," ","  71.1"," "," 3.74","G","999.9","010000"
"72405013743","2011-08-29","38.8472","-77.03454","3.0","WASHINGTON REAGAN NATIONAL AIRPORT, VA US","  73.8","24","  56.8","24","1012.6","24","010.2","24"," 10.0","24","  5.6","24","  8.9","999.9","  87.1"," ","  66.0"," "," 0.09","G","999.9","000000"
"72405013743","2011-08-30","38.8472","-77.03454","3.0","WASHINGTON REAGAN NATIONAL AIRPORT, VA US","  73.0","24","  54.4","24","1019.3","24","017.0","24"," 10.0","24","  5.6","24","  8.9","999.9","  82.9"," ","  63.0"," "," 0.00","G","999.9","000000"
"72405013743","2011-08-31","38.8472","-77.03454","3.0","WASHINGTON REAGAN NATIONAL AIRPORT, VA US","  74.3","24","  57.8","24","1022.2","24","019.8","24"," 10.0","24","  2.4","24","  8.0","999.9","  84.0"," ","  63.0"," "," 0.00","G","999.9","000000"
"72405013743","2011-09-01","38.8472","-77.03454","3.0","WASHINGTON REAGAN NATIONAL AIRPORT, VA US","  74.4","24","  61.0","24","1021.3","24","018.9","24"," 10.0","24","  4.3","24","  8.9","999.9","  84.0"," ","  66.0"," "," 0.00","G","999.9","010000"
"72405013743","2011-09-02","38.8472","-77.03454","3.0","WASHINGTON REAGAN NATIONAL AIRPORT, VA US","  74.0","24","  63.5","24","1018.4","23","016.2","24","  9.7","24","  5.9","24"," 11.1","999.9","  82.0"," ","  66.0"," "," 0.16","G","999.9","010010"
"72405013743","2011-09-03","38.8472","-77.03454","3.0","WASHINGTON REAGAN NATIONAL AIRPORT, VA US","  75.3","24","  64.7","24","1016.2","22","014.2","24"," 10.0","24","  6.4","24","  9.9","999.9","  82.0"," ","  68.0"," "," 0.00","H","999.9","010010"
"72405013743","2011-09-04","38.8472","-77.03454","3.0","WASHINGTON REAGAN NATIONAL AIRPORT, VA US","  78.9","24","  70.3","24","1012.7","24","010.4","24","  9.0","24","  6.7","24"," 12.0","999.9","  87.1"," ","  70.0"," "," 0.00","G","999.9","000000"
"72405013743","2011-09-05","38.8472","-77.03454","3.0","WASHINGTON REAGAN NATIONAL AIRPORT, VA US","  78.5","24","  69.5","24","1009.3","21","006.8","24","  9.5","24","  7.0","24"," 21.0"," 24.1","  87.1"," ","  73.0"," "," 0.03","G","999.9","010000"
"72405013743","2011-09-06","38.8472","-77.03454","3.0","WASHINGTON REAGAN NATIONAL AIRPORT, VA US","  66.6","24","  63.0","24","1012.1","12","010.2","24","  8.1","24"," 11.7","24"," 21.0"," 24.1","  84.0"," ","  64.0"," "," 1.84","G","999.9","010000"
"72405013743","2011-09-07","38.8472","-77.03454","3.0","WASHINGTON REAGAN NATIONAL AIRPORT, VA US","  67.9","24","  65.3","24","1014.2","13","011.7","24","  6.0","24","  5.9","24"," 15.0","999.9","  73.9"," ","  64.0"," "," 0.60","G","999.9","010010"
"72405013743","2011-09-08","38.8472","-77.03454","3.0","WASHINGTON REAGAN NATIONAL AIRPORT, VA US","  72.8","24","  70.4","24","1012.6","12","010.4","24","  7.8","24","  6.2","24"," 14.0"," 15.9","  79.0"," ","  64.9"," "," 2.90","G","999.9","110010"
"72405013743","2011-09-09","38.8472","-77.03454","3.0","WASHINGTON REAGAN NATIONAL AIRPORT, VA US","  73.7","24","  70.8","24","1010.9","13","008.8","24","  7.5","24","  4.6","24"," 12.0","999.9","  82.9"," ","  71.1"," "," 1.14","G","999.9","010010"
"72405013743","2011-09-10","38.8472","-77.03454","3.0","WASHINGTON REAGAN NATIONAL AIRPORT, VA US","  74.9","24","  67.4","24","1012.8","22","010.4","24","  9.2","24","  5.5","24"," 11.1"," 15.0","  84.0"," ","  68.0"," "," 0.42","G","999.9","000000"
"72405013743","2011-09-11","38.8472","-77.03454","3.0","WASHINGTON REAGAN NATIONAL AIRPORT, VA US","  75.1","24","  65.1","24","1016.5","24","014.2","24","  9.0","24","  3.8","24"," 11.1","999.9","  84.0"," ","  68.0"," "," 0.00","G","999.9","000000"
"72405013743","2011-09-12","38.8472","-77.03454","3.0","WASHINGTON REAGAN NATIONAL AIRPORT, VA US","  73.0","24","  61.8","24","1017.1","24","014.8","24"," 10.0","24","  3.4","24"," 14.0","999.9","  84.0"," ","  64.9"," "," 0.02","G","999.9","010000"
"72405013743","2011-09-13","38.8472","-77.03454","3.0","WASHINGTON REAGAN NATIONAL AIRPORT, VA US","  74.2","24","  63.6","24","1015.5","24","013.2","24","  9.9","24","  4.8","24"," 12.0","999.9","  82.9"," ","  64.9"," "," 0.00","G","999.9","000000"
"72405013743","2011-09-14","38.8472","-77.03454","3.0","WASHINGTON REAGAN NATIONAL AIRPORT, VA US","  76.0","24","  65.7","24","1013.8","24","011.4","24","  9.5","24","  5.7","24","  9.9","999.9","  87.1"," ","  64.9"," "," 0.00","G","999.9","000000"
"72405013743","2011-09-15","38.8472","-77.03454","3.0","WASHINGTON REAGAN NATIONAL AIRPORT, VA US","  72.3","24","  62.2","24","1013.4","22","011.2","24","  9.9","24","  8.9","24"," 22.0"," 31.1","  81.0","*","  54.0","*"," 0.00","G","999.9","010000"
"72405013743","2011-09-16","38.8472","-77.03454","3.0","WASHINGTON REAGAN NATIONAL AIRPORT, VA US","  57.3","24","  42.9","24","1025.6","24","023.3","24","  9.9","24","  7.9","24"," 16.9"," 22.9","  78.1"," ","  48.9"," "," 0.03","G","999.9","000000"
"72405013743","2011-09-17","38.8472","-77.03454","3.0","WASHINGTON REAGAN NATIONAL AIRPORT, VA US","  59.9","24","  49.8","24","1028.1","24","025.8","24"," 10.0","24","  5.9","24","  9.9","999.9","  66.0"," ","  48.9"," "," 0.00","G","999.9","000000"
"72405013743","2011-09-18","38.8472","-77.03454","3.0","WASHINGTON REAGAN NATIONAL AIRPORT, VA US","  60.8","24","  50.8","24","1028.2","24","025.9","24"," 10.0","24","  6.9","24","  8.9","999.9","  68.0"," ","  55.0"," "," 0.00","G","999.9","000000"
"72405013743","2011-09-19","38.8472","-77.03454","3.0","WASHINGTON REAGAN NATIONAL AIRPORT, VA US","  64.8","24","  54.4","24","1024.9","24","022.7","24"," 10.0","24","  5.2","24","  8.0","999.9","  70.0"," ","  55.0"," "," 0.00","G","999.9","000000"
"72405013743","2011-09-20","38.8472","-77.03454","3.0","WASHINGTON REAGAN NATIONAL AIRPORT, VA US","  66.2","24","  60.8","24","1020.3","18","018.0","24","  9.4","24","  6.3","24","  8.9","999.9","  71.6","*","  64.0","*"," 0.00","G","999.9","010000"
"72405013743","2011-09-21","38.8472","-77.03454","3.0","WASHINGTON REAGAN NATIONAL AIRPORT, VA US","  68.5","24","  65.1","24","1021.2","18","019.1","24","  7.6","24","  3.0","24","  8.0","999.9","  75.9"," ","  64.0"," "," 0.16","G","999.9","010000"
"72405013743","2011-09-22","38.8472","-77.03454","3.0","WASHINGTON REAGAN NATIONAL AIRPORT, VA US","  71.9","24","  68.8","24","1019.4","14","017.2","24","  9.0","24","  4.2","24","  8.0","999.9","  77.0"," ","  64.0"," "," 0.02","G","999.9","110000"
"72405013743","2011-09-23","38.8472","-77.03454","3.0","WASHINGTON REAGAN NATIONAL AIRPORT, VA US","  71.3","24","  70.1","24","1017.1","17","014.6","24","  6.1","24","  2.4","24","  7.0","999.9","  77.0"," ","  68.0"," "," 0.00","G","999.9","010000"
"72405013743","2011-09-24","38.8472","-77.03454","3.0","WASHINGTON REAGAN NATIONAL AIRPORT, VA US","  70.2","24","  66.4","24","1016.0","19","013.8","24"," 10.0","24","  3.3","24","  6.0","999.9","  75.9"," ","  66.0"," "," 0.97","G","999.9","000000"
"72405013743","2011-09-25","38.8472","-77.03454","3.0","WASHINGTON REAGAN NATIONAL AIRPORT, VA US","  72.7","24","  67.7","24","1018.6","20","016.2","24","  8.7","24","  1.5","24","  5.1","999.9","  79.0"," ","  66.0"," "," 0.07","G","999.9","010000"
"72405013743","2011-09-26","38.8472","-77.03454","3.0","WASHINGTON REAGAN NATIONAL AIRPORT, VA US","  73.8","24","  68.5","24","1015.4","18","013.3","24","  9.8","24","  3.5","24","  8.0","999.9","  80.1"," ","  69.1"," "," 0.00","I","999.9","000000"
"72405013743","2011-09-27","38.8472","-77.03454","3.0","WASHINGTON REAGAN NATIONAL AIRPORT, VA US","  73.5","24","  70.1","24","1013.1","18","010.6","24","  9.4","24","  4.4","24","  8.0","999.9","  80.1"," ","  70.0"," "," 0.01","G","999.9","010000"
"72405013743","2011-09-28","38.8472","-77.03454","3.0","WASHINGTON REAGAN NATIONAL AIRPORT, VA US","  72.8","24","  67.5","24","1010.8","16","009.0","24","  9.3","24","  3.8","24","  9.9","999.9","  80.1"," ","  68.0"," "," 0.27","G","999.9","010010"
"72405013743","2011-09-29","38.8472","-77.03454","3.0","WASHINGTON REAGAN NATIONAL AIRPORT, VA US","  72.1","24","  62.9","24","1007.7","22","005.5","24","  8.9","24","  7.4","24"," 14.0"," 19.0","  80.1"," ","  69.1"," "," 0.20","G","999.9","010010"
"72405013743","2011-09-30","38.8472","-77.03454","3.0","WASHINGTON REAGAN NATIONAL AIRPORT, VA US","  67.3","24","  55.1","24","1006.4","24","004.1","24"," 10.0","24","  5.4","24"," 13.0"," 20.0","  78.1"," ","  61.0"," "," 0.00","G","999.9","000000"
"72405013743","2011-10-01","38.8472","-77.03454","3.0","WASHINGTON REAGAN NATIONAL AIRPORT, VA US","  55.6","24","  45.1","24","1008.0","23","005.8","24","  9.9","24"," 11.4","24"," 15.0"," 24.1","  75.9"," ","  50.0"," "," 0.00","G","999.9","010000"
"72405013743","2011-10-02","38.8472","-77.03454","3.0","WASHINGTON REAGAN NATIONAL AIRPORT, VA US","  48.1","24","  42.3","24","1011.2","19","008.6","24","  9.5","24","  8.3","24"," 13.0"," 20.0","  59.0"," ","  45.0"," "," 0.43","G","999.9","010000"
"72405013743","2011-10-03","38.8472","-77.03454","3.0","WASHINGTON REAGAN NATIONAL AIRPORT, VA US","  49.8","24","  42.1","24","1016.1","21","014.0","24"," 10.0","24","  4.2","24","  8.9","999.9","  53.1"," ","  45.0"," "," 0.04","G","999.9","010000"
"72405013743","2011-10-04","38.8472","-77.03454","3.0","WASHINGTON REAGAN NATIONAL AIRPORT, VA US","  57.3","24","  48.4","24","1020.2","23","017.7","24"," 10.0","24","  6.0","24"," 14.0"," 20.0","  70.0"," ","  46.9"," "," 0.00","G","999.9","010000"
"72405013743","2011-10-05","38.8472","-77.03454","3.0","WASHINGTON REAGAN NATIONAL AIRPORT, VA US","  63.7","24","  50.7","24","1022.1","24","019.7","24"," 10.0","24","  7.2","24"," 14.0"," 18.1","  73.9"," ","  53.1"," "," 0.00","G","999.9","000000"
"72405013743","2011-10-06","38.8472","-77.03454","3.0","WASHINGTON REAGAN NATIONAL AIRPORT, VA US","  61.1","24","  46.9","24","1027.2","24","024.9","24"," 10.0","24","  5.5","24","  9.9","999.9","  73.9"," ","  51.1"," "," 0.00","G","999.9","000000"
"72405013743","2011-10-07","38.8472","-77.03454","3.0","WASHINGTON REAGAN NATIONAL AIRPORT, VA US","  60.8","24","  50.8","24","1029.7","24","027.4","24"," 10.0","24","  1.5","24","  8.9","999.9","  75.0"," ","  51.1"," "," 0.00","G","999.9","000000"
"72405013743","2011-10-08","38.8472","-77.03454","3.0","WASHINGTON REAGAN NATIONAL AIRPORT, VA US","  62.8","24","  50.1","24","1032.6","24","030.4","24"," 10.0","24","  1.3","24","  5.1","999.9","  75.0"," ","  51.1"," "," 0.00","G","999.9","000000"
"72405013743","2011-10-09","38.8472","-77.03454","3.0","WASHINGTON REAGAN NATIONAL AIRPORT, VA US","  64.2","24","  53.5","24","1030.9","24","028.6","24"," 10.0","24","  2.0","24","  6.0","999.9","  78.1"," ","  53.1"," "," 0.00","G","999.9","000000"
"72405013743","2011-10-10","38.8472","-77.03454","3.0","WASHINGTON REAGAN NATIONAL AIRPORT, VA US","  66.8","24","  56.4","24","1025.4","24","023.2","24","  9.2","24","  1.6","24","  6.0"," 18.1","  82.9"," ","  53.1"," "," 0.00","G","999.9","000000"
"72405013743","2011-10-11","38.8472","-77.03454","3.0","WASHINGTON REAGAN NATIONAL AIRPORT, VA US","  66.8","24","  60.4","24","1020.5","24","018.3","24"," 10.0","24","  4.0","24","  8.9","999.9","  82.9"," ","  55.9"," "," 0.00","G","999.9","010000"
"72405013743","2011-10-12","38.8472","-77.03454","3.0","WASHINGTON REAGAN NATIONAL AIRPORT, VA US","  65.6","24","  61.5","24","1015.9","12","013.4","24","  9.4","24","  9.5","24"," 15.9"," 21.0","  71.1"," ","  62.1"," "," 0.01","G","999.9","010000"
"72405013743","2011-10-13","38.8472","-77.03454","3.0","WASHINGTON REAGAN NATIONAL AIRPORT, VA US","  67.7","24","  65.0","24","1006.9","15","004.8","24","  6.0","24","  4.2","24","  9.9"," 22.0","  77.0"," ","  64.0"," "," 0.61","G","999.9","110010"
"72405013743","2011-10-14","38.8472","-77.03454","3.0","WASHINGTON REAGAN NATIONAL AIRPORT, VA US","  67.6","24","  60.2","24","1000.2","20","997.7","24","  9.4","24","  7.9","24"," 22.9"," 31.1","  72.0","*","  62.6","*"," 0.55","G","999.9","010010"
"72405013743","2011-10-15","38.8472","-77.03454","3.0","WASHINGTON REAGAN NATIONAL AIRPORT, VA US","  61.4","24","  41.2","24","1006.9","24","004.6","24"," 10.0","24"," 10.0","24"," 20.0"," 27.0","  73.0"," ","  50.0"," "," 0.24","G","999.9","000000"
"72405013743","2011-10-16","38.8472","-77.03454","3.0","WASHINGTON REAGAN NATIONAL AIRPORT, VA US","  60.9","24","  40.2","24","1013.7","24","011.4","24"," 10.0","24","  8.3","24"," 17.1"," 22.0","  71.1"," ","  50.0"," "," 0.00","G","999.9","000000"
"72405013743","2011-10-17","38.8472","-77.03454","3.0","WASHINGTON REAGAN NATIONAL AIRPORT, VA US","  64.6","24","  46.7","24","1009.0","24","006.7","24"," 10.0","24","  9.0","24"," 17.1"," 21.0","  71.1"," ","  50.0"," "," 0.00","G","999.9","000000"
"72405013743","2011-10-18","38.8472","-77.03454","3.0","WASHINGTON REAGAN NATIONAL AIRPORT, VA US","  63.2","24","  52.9","24","1010.3","24","008.0","24","  9.5","24","  3.4","24","  8.9","999.9","  73.9"," ","  54.0"," "," 0.00","G","999.9","000000"
"72405013743","2011-10-19","38.8472","-77.03454","3.0","WASHINGTON REAGAN NATIONAL AIRPORT, VA US","  63.6","24","  58.3","24","1003.7","18","999.9","24","  8.0","24","  8.4","24"," 22.0"," 27.0","  73.9"," ","  54.0"," "," 0.38","G","999.9","010000"
"72405013743","2011-10-20","38.8472","-77.03454","3.0","WASHINGTON REAGAN NATIONAL AIRPORT, VA US","  61.6","24","  51.9","24"," 999.1","18","994.8","24","  9.6","24"," 14.3","24"," 21.0"," 32.1","  70.0"," ","  54.0"," "," 0.12","G","999.9","010000"
"72405013743","2011-10-21","38.8472","-77.03454","3.0","WASHINGTON REAGAN NATIONAL AIRPORT, VA US","  54.6","24","  39.5","24","1013.8","24","011.2","24"," 10.0","24","  8.5","24"," 14.0"," 20.0","  66.9"," ","  46.9"," "," 0.00","G","999.9","000000"
"72405013743","2011-10-22","38.8472","-77.03454","3.0","WASHINGTON REAGAN NATIONAL AIRPORT, VA US","  54.1","24","  40.2","24","1020.2","24","017.9","24"," 10.0","24","  5.1","24"," 14.0","999.9","  62.1"," ","  46.9"," "," 0.00","G","999.9","000000"
"72405013743","2011-10-23","38.8472","-77.03454","3.0","WASHINGTON REAGAN NATIONAL AIRPORT, VA US","  53.1","24","  44.6","24","1020.5","24","018.2","24","  9.3","24","  2.9","24","  8.9","999.9","  64.0"," ","  43.0"," "," 0.00","G","999.9","000000"
"72405013743","2011-10-24","38.8472","-77.03454","3.0","WASHINGTON REAGAN NATIONAL AIRPORT, VA US","  56.7","24","  49.0","24","1018.9","24","016.6","24","  9.1","24","  4.4","24","  8.9","999.9","  66.9"," ","  43.0"," "," 0.00","G","999.9","000000"
"72405013743","2011-10-25","38.8472","-77.03454","3.0","WASHINGTON REAGAN NATIONAL AIRPORT, VA US","  58.7","24","  45.3","24","1020.4","24","017.8","24","  9.7","24","  6.0","24"," 14.0"," 21.0","  68.0"," ","  48.9"," "," 0.13","G","999.9","010000"
"72405013743","2011-10-26","38.8472","-77.03454","3.0","WASHINGTON REAGAN NATIONAL AIRPORT, VA US","  58.7","24","  48.3","24","1014.6","24","012.5","24"," 10.0","24","  6.6","24"," 12.0","999.9","  68.0"," ","  48.9"," "," 0.00","G","999.9","010000"
"72405013743","2011-10-27","38.8472","-77.03454","3.0","WASHINGTON REAGAN NATIONAL AIRPORT, VA US","  60.1","24","  56.3","24","1006.3","22","003.6","24","  9.2","24","  4.0","24"," 24.1"," 34.0","  68.0"," ","  52.0"," "," 0.04","G","999.9","010000"
"72405013743","2011-10-28","38.8472","-77.03454","3.0","WASHINGTON REAGAN NATIONAL AIRPORT, VA US","  47.0","24","  32.7","24","1020.8","24","019.1","24"," 10.0","24"," 10.0","24"," 19.0"," 26.0","  66.0"," ","  41.0"," "," 0.10","G","999.9","000000"
"72405013743","2011-10-29","38.8472","-77.03454","3.0","WASHINGTON REAGAN NATIONAL AIRPORT, VA US","  40.4","24","  35.7","24","1018.8","17","015.5","24","  7.2","24"," 12.2","24"," 19.0"," 25.1","  48.0","*","  33.8","*"," 0.48","G","999.9","011000"
"72405013743","2011-10-30","38.8472","-77.03454","3.0","WASHINGTON REAGAN NATIONAL AIRPORT, VA US","  42.1","24","  30.5","24","1023.0","24","020.7","24"," 10.0","24","  8.2","24"," 14.0"," 19.0","  55.0"," ","  34.0"," "," 0.78","G","999.9","010000"
"72405013743","2011-10-31","38.8472","-77.03454","3.0","WASHINGTON REAGAN NATIONAL AIRPORT, VA US","  45.3","24","  34.8","24","1027.7","24","025.4","24"," 10.0","24","  2.7","24","  8.0","999.9","  55.9"," ","  35.1"," "," 0.00","G","999.9","000000"
"72405013743","2011-11-01","38.8472","-77.03454","3.0","WASHINGTON REAGAN NATIONAL AIRPORT, VA US","  51.8","24","  40.9","24","1025.7","24","023.3","24"," 10.0","24","  5.8","24","  8.9","999.9","  61.0"," ","  37.9"," "," 0.00","G","999.9","010000"
"72405013743","2011-11-02","38.8472","-77.03454","3.0","WASHINGTON REAGAN NATIONAL AIRPORT, VA US","  49.5","24","  40.7","24","1028.5","24","026.2","24","  9.2","24","  2.2","24","  7.0","999.9","  61.0"," ","  41.0"," "," 0.00","G","999.9","000000"
"72405013743","2011-11-03","38.8472","-77.03454","3.0","WASHINGTON REAGAN NATIONAL AIRPORT, VA US","  52.1","24","  41.9","24","1021.5","24","019.1","24"," 10.0","24","  5.2","24","  8.9","999.9","  64.0"," ","  41.0"," "," 0.00","G","999.9","000000"
"72405013743","2011-11-04","38.8472","-77.03454","3.0","WASHINGTON REAGAN NATIONAL AIRPORT, VA US","  53.1","24","  42.2","24","1015.1","24","012.8","24","  9.4","24","  8.1","24"," 18.1"," 25.1","  64.0"," ","  44.1"," "," 0.00","G","999.9","000000"
"72405013743","2011-11-05","38.8472","-77.03454","3.0","WASHINGTON REAGAN NATIONAL AIRPORT, VA US","  46.0","24","  26.8","24","1028.0","24","025.7","24"," 10.0","24","  9.2","24"," 13.0"," 18.1","  59.0"," ","  37.9"," "," 0.00","G","999.9","000000"
"72405013743","2011-11-06","38.8472","-77.03454","3.0","WASHINGTON REAGAN NATIONAL AIRPORT, VA US","  46.2","24","  36.1","24","1032.6","24","030.2","24"," 10.0","24","  2.7","24","  8.0","999.9","  59.0"," ","  37.0"," "," 0.00","G","999.9","000000"
"72405013743","2011-11-07","38.8472","-77.03454","3.0","WASHINGTON REAGAN NATIONAL AIRPORT, VA US","  50.9","24","  42.7","24","1028.8","24","026.4","24","  9.3","24","  2.3","24","  7.0","999.9","  66.9"," ","  37.0"," "," 0.00","G","999.9","100000"
"72405013743","2011-11-08","38.8472","-77.03454","3.0","WASHINGTON REAGAN NATIONAL AIRPORT, VA US","  52.6","24","  42.7","24","1025.6","24","023.2","24","  9.7","24","  3.0","24","  6.0","999.9","  68.0"," ","  39.9"," "," 0.00","G","999.9","000000"
"72405013743","2011-11-09","38.8472","-77.03454","3.0","WASHINGTON REAGAN NATIONAL AIRPORT, VA US","  51.5","24","  42.8","24","1021.7","24","019.3","24","  9.6","24","  2.1","24","  8.0","999.9","  68.0"," ","  41.0"," "," 0.00","G","999.9","000000"
"72405013743","2011-11-10","38.8472","-77.03454","3.0","WASHINGTON REAGAN NATIONAL AIRPORT, VA US","  51.0","24","  46.7","24","1013.5","21","011.1","24","  7.4","24","  5.1","24"," 14.0"," 24.1","  64.0"," ","  42.1"," "," 0.00","G","999.9","110000"
"72405013743","2011-11-11","38.8472","-77.03454","3.0","WASHINGTON REAGAN NATIONAL AIRPORT, VA US","  45.7","24","  27.0","24","1012.6","24","010.3","24"," 10.0","24"," 11.9","24"," 20.0"," 31.1","  59.0"," ","  41.0"," "," 0.06","G","999.9","000000"
"72405013743","2011-11-12","38.8472","-77.03454","3.0","WASHINGTON REAGAN NATIONAL AIRPORT, VA US","  45.7","24","  28.9","24","1020.5","24","018.2","24"," 10.0","24","  6.9","24"," 11.1"," 18.1","  63.0"," ","  33.1"," "," 0.00","G","999.9","000000"
"72405013743","2011-11-13","38.8472","-77.03454","3.0","WASHINGTON REAGAN NATIONAL AIRPORT, VA US","  54.0","24","  34.0","24","1019.4","24","017.1","24"," 10.0","24","  9.6","24"," 18.1"," 28.9","  64.0"," ","  33.1"," "," 0.00","G","999.9","000000"
"72405013743","2011-11-14","38.8472","-77.03454","3.0","WASHINGTON REAGAN NATIONAL AIRPORT, VA US","  61.6","24","  44.5","24","1014.5","24","012.2","24"," 10.0","24"," 11.0","24"," 15.9"," 21.0","  73.0"," ","  44.1"," "," 0.00","G","999.9","000000"
"72405013743","2011-11-15","38.8472","-77.03454","3.0","WASHINGTON REAGAN NATIONAL AIRPORT, VA US","  65.7","24","  52.3","24","1011.6","24","009.3","24"," 10.0","24","  8.4","24"," 13.0"," 22.9","  73.0"," ","  54.0"," "," 0.00","G","999.9","010000"
"72405013743","2011-11-16","38.8472","-77.03454","3.0","WASHINGTON REAGAN NATIONAL AIRPORT, VA US","  57.6","24","  55.4","24","1012.4","15","009.3","24","  5.7","24","  4.4","24"," 14.0"," 22.9","  68.0"," ","  55.0"," "," 0.08","G","999.9","110000"
"72405013743","2011-11-17","38.8472","-77.03454","3.0","WASHINGTON REAGAN NATIONAL AIRPORT, VA US","  49.5","24","  38.0","24","1013.8","23","011.1","24","  9.8","24"," 10.7","24"," 17.1"," 28.0","  59.0"," ","  43.0"," "," 0.47","G","999.9","010000"
"72405013743","2011-11-18","38.8472","-77.03454","3.0","WASHINGTON REAGAN NATIONAL AIRPORT, VA US","  40.8","24","  18.0","24","1028.2","24","025.9","24"," 10.0","24","  7.0","24"," 12.0"," 22.0","  53.1"," ","  34.0"," "," 0.01","G","999.9","000000"
"72405013743","2011-11-19","38.8472","-77.03454","3.0","WASHINGTON REAGAN NATIONAL AIRPORT, VA US","  43.7","24","  24.6","24","1030.1","24","027.8","24"," 10.0","24","  8.4","24"," 12.0","999.9","  55.0"," ","  34.0"," "," 0.00","G","999.9","000000"
"72405013743","2011-11-20","38.8472","-77.03454","3.0","WASHINGTON REAGAN NATIONAL AIRPORT, VA US","  55.2","24","  43.7","24","1023.8","24","021.4","24"," 10.0","24","  7.2","24","  9.9","999.9","  64.9"," ","  37.0"," "," 0.00","G","999.9","000000"
"72405013743","2011-11-21","38.8472","-77.03454","3.0","WASHINGTON REAGAN NATIONAL AIRPORT, VA US","  57.9","24","  54.3","24","1022.2","16","020.1","24","  6.2","24","  4.1","24"," 11.1","999.9","  64.9"," ","  51.1"," "," 0.05","G","999.9","110000"
"72405013743","2011-11-22","38.8472","-77.03454","3.0","WASHINGTON REAGAN NATIONAL AIRPORT, VA US","  51.9","24","  50.2","24","1023.4","14","020.7","24","  3.0","24","  4.6","24","  8.0","999.9","  64.0"," ","  50.0"," "," 0.13","G","999.9","010000"
"72405013743","2011-11-23","38.8472","-77.03454","3.0","WASHINGTON REAGAN NATIONAL AIRPORT, VA US","  57.5","24","  52.0","24","1008.2","20","005.6","24","  7.9","24","  9.9","24"," 19.0"," 34.0","  64.0"," ","  50.0"," "," 0.73","G","999.9","110000"
"72405013743","2011-11-24","38.8472","-77.03454","3.0","WASHINGTON REAGAN NATIONAL AIRPORT, VA US","  49.3","24","  31.9","24","1022.3","24","019.9","24"," 10.0","24","  8.2","24"," 17.1"," 25.1","  64.0"," ","  37.9"," "," 0.01","G","999.9","000000"
"72405013743","2011-11-25","38.8472","-77.03454","3.0","WASHINGTON REAGAN NATIONAL AIRPORT, VA US","  49.3","24","  36.8","24","1024.7","24","022.3","24"," 10.0","24","  4.3","24","  8.0","999.9","  63.0"," ","  37.9"," "," 0.00","G","999.9","000000"
"72405013743","2011-11-26","38.8472","-77.03454","3.0","WASHINGTON REAGAN NATIONAL AIRPORT, VA US","  49.3","24","  38.4","24","1023.5","24","021.2","24"," 10.0","24","  2.8","24","  6.0","999.9","  63.0"," ","  37.9"," "," 0.00","G","999.9","000000"
"72405013743","2011-11-27","38.8472","-77.03454","3.0","WASHINGTON REAGAN NATIONAL AIRPORT, VA US","  55.1","24","  45.4","24","1021.0","24","018.6","24"," 10.0","24","  5.7","24"," 17.1"," 27.0","  72.0"," ","  39.9"," "," 0.00","G","999.9","000000"
"72405013743","2011-11-28","38.8472","-77.03454","3.0","WASHINGTON REAGAN NATIONAL AIRPORT, VA US","  60.0","24","  50.8","24","1018.8","24","016.5","24"," 10.0","24","  5.8","24"," 11.1","999.9","  72.0"," ","  46.0"," "," 0.00","G","999.9","000000"
"72405013743","2011-11-29","38.8472","-77.03454","3.0","WASHINGTON REAGAN NATIONAL AIRPORT, VA US","  59.7","24","  54.4","24","1011.8","19","009.0","24","  8.9","24","  8.2","24"," 18.1"," 24.1","  71.1"," ","  51.1"," "," 0.01","G","999.9","010000"
"72405013743","2011-11-30","38.8472","-77.03454","3.0","WASHINGTON REAGAN NATIONAL AIRPORT, VA US","  46.5","24","  35.4","24","1008.8","24","006.1","24"," 10.0","24","  9.8","24"," 15.0"," 21.0","  66.0"," ","  39.9"," "," 0.40","G","999.9","000000"
"72405013743","2011-12-01","38.8472","-77.03454","3.0","WASHINGTON REAGAN NATIONAL AIRPORT, VA US","  43.9","24","  27.2","24","1023.0","24","020.7","24"," 10.0","24","  9.9","24"," 15.0"," 22.0","  52.0"," ","  37.9"," "," 0.00","G","999.9","000000"
"72405013743","2011-12-02","38.8472","-77.03454","3.0","WASHINGTON REAGAN NATIONAL AIRPORT, VA US","  43.5","24","  31.2","24","1027.8","24","025.5","24","  9.9","24","  2.4","24","  8.9","999.9","  55.0"," ","  34.0"," "," 0.00","G","999.9","000000"
"72405013743","2011-12-03","38.8472","-77.03454","3.0","WASHINGTON REAGAN NATIONAL AIRPORT, VA US","  43.4","24","  29.4","24","1036.3","24","033.9","24"," 10.0","24","  4.5","24","  9.9","999.9","  55.0"," ","  34.0"," "," 0.00","G","999.9","000000"
"72405013743","2011-12-04","38.8472","-77.03454","3.0","WASHINGTON REAGAN NATIONAL AIRPORT, VA US","  44.6","24","  36.4","24","1033.9","24","031.5","24","  9.7","24","  3.2","24","  8.0","999.9","  55.0"," ","  35.1"," "," 0.00","G","999.9","000000"
"72405013743","2011-12-05","38.8472","-77.03454","3.0","WASHINGTON REAGAN NATIONAL AIRPORT, VA US","  48.6","24","  43.1","24","1027.5","24","025.1","24","  9.6","24","  2.3","24","  5.1","999.9","  60.1"," ","  37.9"," "," 0.00","G","999.9","000000"
"72405013743","2011-12-06","38.8472","-77.03454","3.0","WASHINGTON REAGAN NATIONAL AIRPORT, VA US","  57.3","24","  54.9","24","1019.2","21","016.7","24","  8.8","24","  7.3","24"," 13.0"," 15.9","  60.8","*","  55.0","*"," 0.01","G","999.9","010000"
"72405013743","2011-12-07","38.8472","-77.03454","3.0","WASHINGTON REAGAN NATIONAL AIRPORT, VA US","  55.8","24","  55.5","24","1013.2"," 9","007.2","24","  4.6","24","  6.5","24"," 22.9"," 29.9","  60.1"," ","  48.0"," "," 1.17","G","999.9","110000"
"72405013743","2011-12-08","38.8472","-77.03454","3.0","WASHINGTON REAGAN NATIONAL AIRPORT, VA US","  40.5","24","  28.4","24","1019.5","22","015.2","24","  9.2","24"," 11.7","24"," 27.0"," 35.0","  60.1"," ","  35.1"," "," 2.16","G","999.9","011000"
"72405013743","2011-12-09","38.8472","-77.03454","3.0","WASHINGTON REAGAN NATIONAL AIRPORT, VA US","  41.3","24","  30.7","24","1026.6","24","024.3","24"," 10.0","24","  3.9","24"," 11.1","999.9","  51.1"," ","  34.0"," "," 0.00","G","999.9","000000"
"72405013743","2011-12-10","38.8472","-77.03454","3.0","WASHINGTON REAGAN NATIONAL AIRPORT, VA US","  42.0","24","  27.2","24","1026.6","24","024.3","24"," 10.0","24","  6.9","24"," 15.0"," 22.9","  51.1"," ","  34.0"," "," 0.00","G","999.9","000000"
"72405013743","2011-12-11","38.8472","-77.03454","3.0","WASHINGTON REAGAN NATIONAL AIRPORT, VA US","  35.9","24","  15.9","24","1036.3","24","034.0","24"," 10.0","24","  3.5","24","  9.9","999.9","  46.9"," ","  28.9"," "," 0.00","G","999.9","000000"
"72405013743","2011-12-12","38.8472","-77.03454","3.0","WASHINGTON REAGAN NATIONAL AIRPORT, VA US","  36.2","24","  25.1","24","1035.9","24","033.5","24"," 10.0","24","  2.6","24","  7.0","999.9","  46.0"," ","  28.9"," "," 0.00","G","999.9","000000"
"72405013743","2011-12-13","38.8472","-77.03454","3.0","WASHINGTON REAGAN NATIONAL AIRPORT, VA US","  40.4","24","  27.5","24","1031.4","24","029.1","24","  9.8","24","  4.3","24"," 13.0","999.9","  52.0"," ","  29.1"," "," 0.00","G","999.9","000000"
"72405013743","2011-12-14","38.8472","-77.03454","3.0","WASHINGTON REAGAN NATIONAL AIRPORT, VA US","  43.7","24","  31.7","24","1029.7","24","027.4","24","  9.9","24","  2.1","24","  6.0","999.9","  52.0"," ","  30.2"," "," 0.00","G","999.9","000000"
"72405013743","2011-12-15","38.8472","-77.03454","3.0","WASHINGTON REAGAN NATIONAL AIRPORT, VA US","  50.5","24","  38.8","24","1021.1","24","018.8","24"," 10.0","24","  8.6","24"," 18.1"," 26.0","  63.0"," ","  39.0"," "," 0.00","G","999.9","010000"
"72405013743","2011-12-16","38.8472","-77.03454","3.0","WASHINGTON REAGAN NATIONAL AIRPORT, VA US","  53.3","24","  36.1","24","1018.1","24","015.7","24"," 10.0","24"," 10.5","24"," 15.0"," 22.0","  63.0"," ","  43.0"," "," 0.02","G","999.9","000000"
"72405013743","2011-12-17","38.8472","-77.03454","3.0","WASHINGTON REAGAN NATIONAL AIRPORT, VA US","  41.1","24","  23.8","24","1023.0","24","020.7","24"," 10.0","24","  8.6","24"," 14.0"," 19.0","  44.1","*","  37.9","*"," 0.00","G","999.9","001000"
"72405013743","2011-12-18","38.8472","-77.03454","3.0","WASHINGTON REAGAN NATIONAL AIRPORT, VA US","  36.8","24","  23.9","24","1024.6","24","022.3","24"," 10.0","24","  6.7","24"," 12.0"," 14.0","  44.1"," ","  32.0"," "," 0.00","G","999.9","001000"
"72405013743","2011-12-19","38.8472","-77.03454","3.0","WASHINGTON REAGAN NATIONAL AIRPORT, VA US","  38.3","24","  27.1","24","1024.6","24","022.3","24"," 10.0","24","  5.9","24"," 12.0","999.9","  52.0"," ","  28.9"," "," 0.00","G","999.9","000000"
"72405013743","2011-12-20","38.8472","-77.03454","3.0","WASHINGTON REAGAN NATIONAL AIRPORT, VA US","  50.7","24","  35.7","24","1020.0","24","017.7","24"," 10.0","24","  3.4","24","  7.0","999.9","  55.9","*","  46.9","*"," 0.00","G","999.9","000000"
"72405013743","2011-12-21","38.8472","-77.03454","3.0","WASHINGTON REAGAN NATIONAL AIRPORT, VA US","  52.3","24","  45.8","24","1016.7","19","013.6","24","  9.4","24","  6.0","24"," 15.9"," 20.0","  60.1"," ","  45.0"," "," 0.00","G","999.9","010000"
"72405013743","2011-12-22","38.8472","-77.03454","3.0","WASHINGTON REAGAN NATIONAL AIRPORT, VA US","  55.7","24","  48.6","24","1016.8","23","013.9","24"," 10.0","24","  3.6","24"," 13.0"," 19.0","  62.1"," ","  46.0"," "," 0.12","G","999.9","000000"
"72405013743","2011-12-23","38.8472","-77.03454","3.0","WASHINGTON REAGAN NATIONAL AIRPORT, VA US","  50.6","24","  41.7","24","1017.1","22","013.7","24","  8.3","24","  8.6","24"," 19.0"," 25.1","  62.1"," ","  46.0"," "," 0.82","G","999.9","010000"
"72405013743","2011-12-24","38.8472","-77.03454","3.0","WASHINGTON REAGAN NATIONAL AIRPORT, VA US","  44.2","24","  28.7","24","1027.9","24","025.4","24"," 10.0","24","  8.0","24"," 18.1"," 28.0","  53.1"," ","  39.9"," "," 0.29","G","999.9","010000"
"72405013743","2011-12-25","38.8472","-77.03454","3.0","WASHINGTON REAGAN NATIONAL AIRPORT, VA US","  39.6","24","  29.5","24","1026.0","24","024.1","24"," 10.0","24","  5.3","24"," 11.1","999.9","  48.0"," ","  34.0"," "," 0.00","G","999.9","000000"
"72405013743","2011-12-26","38.8472","-77.03454","3.0","WASHINGTON REAGAN NATIONAL AIRPORT, VA US","  45.3","24","  26.5","24","1022.5","24","020.2","24"," 10.0","24","  9.3","24"," 21.0"," 26.0","  50.0"," ","  34.0"," "," 0.00","G","999.9","000000"
"72405013743","2011-12-27","38.8472","-77.03454","3.0","WASHINGTON REAGAN NATIONAL AIRPORT, VA US","  44.0","24","  35.4","24","1017.8","20","012.9","24","  8.4","24","  6.5","24"," 15.9"," 22.0","  55.4","*","  39.0","*"," 0.00","G","999.9","010000"
"72405013743","2011-12-28","38.8472","-77.03454","3.0","WASHINGTON REAGAN NATIONAL AIRPORT, VA US","  44.3","24","  30.7","24","1005.7","24","002.7","24"," 10.0","24","  9.8","24"," 20.0"," 31.1","  54.0"," ","  37.9"," "," 0.61","G","999.9","000000"
"72405013743","2011-12-29","38.8472","-77.03454","3.0","WASHINGTON REAGAN NATIONAL AIRPORT, VA US","  36.9","24","  21.4","24","1017.2","24","014.9","24"," 10.0","24","  4.8","24","  8.9","999.9","  48.9"," ","  30.9"," "," 0.00","G","999.9","000000"
"72405013743","2011-12-30","38.8472","-77.03454","3.0","WASHINGTON REAGAN NATIONAL AIRPORT, VA US","  42.8","24","  30.9","24","1015.7","24","013.4","24"," 10.0","24","  4.1","24","  8.9","999.9","  54.0"," ","  31.1"," "," 0.00","G","999.9","000000"
"72405013743","2011-12-31","38.8472","-77.03454","3.0","WASHINGTON REAGAN NATIONAL AIRPORT, VA US","  51.9","24","  39.2","24","1012.6","24","010.3","24"," 10.0","24","  7.9","24"," 18.1"," 24.1","  62.1"," ","  35.1"," "," 0.00","G","999.9","010000"
